longitude,latitude,harvest
38.074847,-121.701356,557.5407677
38.074847,-121.7011799,525.6927671
38.074847,-121.7010039,543.4898218
38.074847,-121.7008278,543.3564956
38.074847,-121.7006517,547.9397187
38.074847,-121.7004757,513.5971605
38.074847,-121.7002996,549.4494417
38.074847,-121.7001235,541.9590666
38.074847,-121.6999474,559.091427
38.074847,-121.6997714,556.9765227
38.074847,-121.6995953,541.6273471
38.074847,-121.6994192,501.669715
38.074847,-121.6992432,505.153127
38.074847,-121.6990671,542.8561843
38.074847,-121.698891,512.3792332
38.074847,-121.698715,522.7828978
38.074847,-121.6985389,504.3085424
38.074847,-121.6983628,515.5937016
38.074847,-121.6981868,525.2274205
38.074847,-121.6980107,510.5892766
38.074847,-121.6978346,558.248371
38.074847,-121.6976586,509.2375953
38.074847,-121.6974825,531.1757359
38.074847,-121.6973064,515.4269421
38.074847,-121.6971303,500.1588118
38.074847,-121.6969543,524.0738422
38.074847,-121.6967782,500.558679
38.074847,-121.6966021,500.5043058
38.074847,-121.6964261,546.8822422
38.074847,-121.69625,507.4976042
38.0748881,-121.701356,616.8068114
38.0748881,-121.7011799,580.6886094
38.0748881,-121.7010039,500.8291283
38.0748881,-121.7008278,502.8638173
38.0748881,-121.7006517,545.6716612
38.0748881,-121.7004757,565.0328335
38.0748881,-121.7002996,535.3707938
38.0748881,-121.7001235,614.1540024
38.0748881,-121.6999474,560.4966317
38.0748881,-121.6997714,511.7799513
38.0748881,-121.6995953,600.2341376
38.0748881,-121.6994192,525.4801807
38.0748881,-121.6992432,507.7449876
38.0748881,-121.6990671,524.6267165
38.0748881,-121.698891,564.317294
38.0748881,-121.698715,584.7316802
38.0748881,-121.6985389,574.5374017
38.0748881,-121.6983628,502.6822666
38.0748881,-121.6981868,607.3055617
38.0748881,-121.6980107,560.4940399
38.0748881,-121.6978346,574.4937072
38.0748881,-121.6976586,567.5033742
38.0748881,-121.6974825,600.0723606
38.0748881,-121.6973064,585.5407637
38.0748881,-121.6971303,522.9961564
38.0748881,-121.6969543,600.2835969
38.0748881,-121.6967782,506.4898445
38.0748881,-121.6966021,578.3821196
38.0748881,-121.6964261,551.3722495
38.0748881,-121.69625,553.3135404
38.0749292,-121.701356,528.6014772
38.0749292,-121.7011799,522.007109
38.0749292,-121.7010039,506.2452377
38.0749292,-121.7008278,667.5221322
38.0749292,-121.7006517,514.4897791
38.0749292,-121.7004757,670.0617847
38.0749292,-121.7002996,520.1367407
38.0749292,-121.7001235,566.9377316
38.0749292,-121.6999474,609.3359313
38.0749292,-121.6997714,672.516698
38.0749292,-121.6995953,672.6017373
38.0749292,-121.6994192,632.8069206
38.0749292,-121.6992432,551.0947462
38.0749292,-121.6990671,540.1010411
38.0749292,-121.698891,552.852882
38.0749292,-121.698715,622.2272705
38.0749292,-121.6985389,512.0693208
38.0749292,-121.6983628,671.8183893
38.0749292,-121.6981868,635.4798987
38.0749292,-121.6980107,593.4007748
38.0749292,-121.6978346,586.6397433
38.0749292,-121.6976586,516.1331529
38.0749292,-121.6974825,677.7135302
38.0749292,-121.6973064,676.4992473
38.0749292,-121.6971303,614.1721843
38.0749292,-121.6969543,511.9283349
38.0749292,-121.6967782,583.8165142
38.0749292,-121.6966021,560.1816065
38.0749292,-121.6964261,540.0315495
38.0749292,-121.69625,581.2136114
38.07497031,-121.701356,652.8004006
38.07497031,-121.7011799,507.315712
38.07497031,-121.7010039,610.455425
38.07497031,-121.7008278,665.7592784
38.07497031,-121.7006517,656.045527
38.07497031,-121.7004757,584.0634401
38.07497031,-121.7002996,683.4440981
38.07497031,-121.7001235,598.088873
38.07497031,-121.6999474,723.8894877
38.07497031,-121.6997714,553.6172344
38.07497031,-121.6995953,597.5577753
38.07497031,-121.6994192,540.5783462
38.07497031,-121.6992432,657.2582933
38.07497031,-121.6990671,542.8456741
38.07497031,-121.698891,699.8315808
38.07497031,-121.698715,731.5940636
38.07497031,-121.6985389,543.9131111
38.07497031,-121.6983628,584.1699919
38.07497031,-121.6981868,557.558821
38.07497031,-121.6980107,504.6629103
38.07497031,-121.6978346,614.5308327
38.07497031,-121.6976586,593.2263417
38.07497031,-121.6974825,633.2614014
38.07497031,-121.6973064,513.4583605
38.07497031,-121.6971303,688.2475912
38.07497031,-121.6969543,642.4205397
38.07497031,-121.6967782,653.951972
38.07497031,-121.6966021,642.4170526
38.07497031,-121.6964261,671.0858661
38.07497031,-121.69625,600.3245932
38.07501141,-121.701356,799.490325
38.07501141,-121.7011799,501.0404469
38.07501141,-121.7010039,798.7004657
38.07501141,-121.7008278,558.5542983
38.07501141,-121.7006517,537.2309095
38.07501141,-121.7004757,519.3131186
38.07501141,-121.7002996,627.5493128
38.07501141,-121.7001235,673.169904
38.07501141,-121.6999474,537.1352547
38.07501141,-121.6997714,614.4554841
38.07501141,-121.6995953,701.9500345
38.07501141,-121.6994192,663.4910281
38.07501141,-121.6992432,624.8112791
38.07501141,-121.6990671,775.0963992
38.07501141,-121.698891,737.9133357
38.07501141,-121.698715,632.941163
38.07501141,-121.6985389,563.6177557
38.07501141,-121.6983628,655.5893688
38.07501141,-121.6981868,657.7662107
38.07501141,-121.6980107,652.5570614
38.07501141,-121.6978346,526.8747038
38.07501141,-121.6976586,636.8572393
38.07501141,-121.6974825,527.0008684
38.07501141,-121.6973064,795.2208161
38.07501141,-121.6971303,620.0386465
38.07501141,-121.6969543,759.0449895
38.07501141,-121.6967782,597.6443948
38.07501141,-121.6966021,780.6054469
38.07501141,-121.6964261,582.9668261
38.07501141,-121.69625,536.2530134
38.07505251,-121.701356,688.5210399
38.07505251,-121.7011799,674.4477942
38.07505251,-121.7010039,603.478312
38.07505251,-121.7008278,674.1013376
38.07505251,-121.7006517,845.307843
38.07505251,-121.7004757,621.1682564
38.07505251,-121.7002996,545.4682581
38.07505251,-121.7001235,506.3311628
38.07505251,-121.6999474,632.0955622
38.07505251,-121.6997714,714.2975855
38.07505251,-121.6995953,847.7618918
38.07505251,-121.6994192,651.9237743
38.07505251,-121.6992432,705.8132958
38.07505251,-121.6990671,530.9807276
38.07505251,-121.698891,679.409959
38.07505251,-121.698715,598.6668837
38.07505251,-121.6985389,520.7795338
38.07505251,-121.6983628,674.1732166
38.07505251,-121.6981868,735.0384932
38.07505251,-121.6980107,652.4622835
38.07505251,-121.6978346,547.1030386
38.07505251,-121.6976586,770.8315833
38.07505251,-121.6974825,553.9594769
38.07505251,-121.6973064,748.7886537
38.07505251,-121.6971303,787.3826905
38.07505251,-121.6969543,671.7156839
38.07505251,-121.6967782,833.1870463
38.07505251,-121.6966021,748.9665606
38.07505251,-121.6964261,589.719183
38.07505251,-121.69625,528.653999
38.07509361,-121.701356,630.8680526
38.07509361,-121.7011799,844.0443186
38.07509361,-121.7010039,837.8524031
38.07509361,-121.7008278,610.045469
38.07509361,-121.7006517,838.0071354
38.07509361,-121.7004757,606.6936747
38.07509361,-121.7002996,613.4000808
38.07509361,-121.7001235,565.5074411
38.07509361,-121.6999474,704.409764
38.07509361,-121.6997714,591.9487599
38.07509361,-121.6995953,725.1423017
38.07509361,-121.6994192,592.525613
38.07509361,-121.6992432,660.7341973
38.07509361,-121.6990671,799.4074702
38.07509361,-121.698891,804.6916168
38.07509361,-121.698715,667.1056586
38.07509361,-121.6985389,684.6697067
38.07509361,-121.6983628,583.6775414
38.07509361,-121.6981868,868.9937482
38.07509361,-121.6980107,507.8429123
38.07509361,-121.6978346,603.7358105
38.07509361,-121.6976586,911.7813738
38.07509361,-121.6974825,882.9427196
38.07509361,-121.6973064,717.080117
38.07509361,-121.6971303,899.8903954
38.07509361,-121.6969543,726.1116264
38.07509361,-121.6967782,859.1591356
38.07509361,-121.6966021,590.1725377
38.07509361,-121.6964261,810.8583032
38.07509361,-121.69625,776.1316017
38.07513471,-121.701356,841.3950983
38.07513471,-121.7011799,849.8812638
38.07513471,-121.7010039,786.2231824
38.07513471,-121.7008278,527.0700958
38.07513471,-121.7006517,914.7357474
38.07513471,-121.7004757,565.9253147
38.07513471,-121.7002996,568.6052399
38.07513471,-121.7001235,888.0682046
38.07513471,-121.6999474,809.7086812
38.07513471,-121.6997714,861.1298849
38.07513471,-121.6995953,609.8208141
38.07513471,-121.6994192,931.5058111
38.07513471,-121.6992432,651.6897374
38.07513471,-121.6990671,579.4650602
38.07513471,-121.698891,841.7208616
38.07513471,-121.698715,849.9136872
38.07513471,-121.6985389,520.367195
38.07513471,-121.6983628,947.0428914
38.07513471,-121.6981868,520.5283485
38.07513471,-121.6980107,731.9455216
38.07513471,-121.6978346,708.6519865
38.07513471,-121.6976586,923.1003339
38.07513471,-121.6974825,559.131406
38.07513471,-121.6973064,682.0103865
38.07513471,-121.6971303,819.0644539
38.07513471,-121.6969543,968.5167716
38.07513471,-121.6967782,546.1699872
38.07513471,-121.6966021,526.8309016
38.07513471,-121.6964261,859.7184072
38.07513471,-121.69625,856.8623963
38.07517581,-121.701356,548.1687386
38.07517581,-121.7011799,950.3335048
38.07517581,-121.7010039,750.5654993
38.07517581,-121.7008278,932.1170958
38.07517581,-121.7006517,601.0764536
38.07517581,-121.7004757,635.0911559
38.07517581,-121.7002996,765.6746604
38.07517581,-121.7001235,622.0989156
38.07517581,-121.6999474,936.7379665
38.07517581,-121.6997714,921.7782642
38.07517581,-121.6995953,843.0779701
38.07517581,-121.6994192,961.3388469
38.07517581,-121.6992432,556.0968128
38.07517581,-121.6990671,568.767026
38.07517581,-121.698891,1022.992153
38.07517581,-121.698715,975.6061143
38.07517581,-121.6985389,568.823992
38.07517581,-121.6983628,819.8094529
38.07517581,-121.6981868,792.772924
38.07517581,-121.6980107,929.483719
38.07517581,-121.6978346,863.5876196
38.07517581,-121.6976586,893.1335409
38.07517581,-121.6974825,897.8706461
38.07517581,-121.6973064,659.198196
38.07517581,-121.6971303,738.0911095
38.07517581,-121.6969543,751.6700296
38.07517581,-121.6967782,855.5639006
38.07517581,-121.6966021,546.1912094
38.07517581,-121.6964261,792.1999373
38.07517581,-121.69625,989.2685961
38.07521692,-121.701356,626.8248475
38.07521692,-121.7011799,508.5410359
38.07521692,-121.7010039,1029.800924
38.07521692,-121.7008278,848.9134114
38.07521692,-121.7006517,964.5080967
38.07521692,-121.7004757,1045.173635
38.07521692,-121.7002996,1091.713155
38.07521692,-121.7001235,536.6800195
38.07521692,-121.6999474,503.506417
38.07521692,-121.6997714,855.5978046
38.07521692,-121.6995953,628.1413665
38.07521692,-121.6994192,541.6662209
38.07521692,-121.6992432,529.6895428
38.07521692,-121.6990671,1002.774633
38.07521692,-121.698891,608.5600412
38.07521692,-121.698715,862.2088724
38.07521692,-121.6985389,969.512177
38.07521692,-121.6983628,1075.541473
38.07521692,-121.6981868,648.9819418
38.07521692,-121.6980107,624.536626
38.07521692,-121.6978346,635.5323051
38.07521692,-121.6976586,731.6621804
38.07521692,-121.6974825,562.6519597
38.07521692,-121.6973064,836.8222012
38.07521692,-121.6971303,961.6421445
38.07521692,-121.6969543,710.3449541
38.07521692,-121.6967782,674.9493253
38.07521692,-121.6966021,793.705107
38.07521692,-121.6964261,817.5822495
38.07521692,-121.69625,991.6286579
38.07525802,-121.701356,525.8331635
38.07525802,-121.7011799,1024.643693
38.07525802,-121.7010039,752.624546
38.07525802,-121.7008278,1046.211529
38.07525802,-121.7006517,975.6868713
38.07525802,-121.7004757,715.8538109
38.07525802,-121.7002996,849.4994627
38.07525802,-121.7001235,1084.357317
38.07525802,-121.6999474,600.3799381
38.07525802,-121.6997714,717.9476015
38.07525802,-121.6995953,619.9337981
38.07525802,-121.6994192,795.7139737
38.07525802,-121.6992432,739.8240496
38.07525802,-121.6990671,1147.359036
38.07525802,-121.698891,624.7226538
38.07525802,-121.698715,520.1845752
38.07525802,-121.6985389,884.6449578
38.07525802,-121.6983628,561.5677002
38.07525802,-121.6981868,513.7038472
38.07525802,-121.6980107,875.118318
38.07525802,-121.6978346,919.0921583
38.07525802,-121.6976586,715.7091919
38.07525802,-121.6974825,1047.220513
38.07525802,-121.6973064,1130.239942
38.07525802,-121.6971303,780.8844593
38.07525802,-121.6969543,1039.441929
38.07525802,-121.6967782,600.5563591
38.07525802,-121.6966021,1106.615425
38.07525802,-121.6964261,1073.064027
38.07525802,-121.69625,699.8832511
38.07529912,-121.701356,1160.40181
38.07529912,-121.7011799,521.1809816
38.07529912,-121.7010039,783.1861272
38.07529912,-121.7008278,1174.583277
38.07529912,-121.7006517,1162.811991
38.07529912,-121.7004757,989.0795685
38.07529912,-121.7002996,635.7069133
38.07529912,-121.7001235,924.5136083
38.07529912,-121.6999474,641.8393191
38.07529912,-121.6997714,1181.882259
38.07529912,-121.6995953,531.682978
38.07529912,-121.6994192,619.3662421
38.07529912,-121.6992432,743.2937903
38.07529912,-121.6990671,608.8996518
38.07529912,-121.698891,1106.545302
38.07529912,-121.698715,1057.070548
38.07529912,-121.6985389,747.1621186
38.07529912,-121.6983628,804.942138
38.07529912,-121.6981868,892.0004598
38.07529912,-121.6980107,920.8116887
38.07529912,-121.6978346,977.6415775
38.07529912,-121.6976586,1116.984106
38.07529912,-121.6974825,592.0841962
38.07529912,-121.6973064,905.5333534
38.07529912,-121.6971303,566.5628074
38.07529912,-121.6969543,1040.659977
38.07529912,-121.6967782,1067.964741
38.07529912,-121.6966021,975.3452551
38.07529912,-121.6964261,887.8087825
38.07529912,-121.69625,853.835107
38.07534022,-121.701356,1059.359453
38.07534022,-121.7011799,777.5973249
38.07534022,-121.7010039,869.1205184
38.07534022,-121.7008278,1088.78349
38.07534022,-121.7006517,1181.614716
38.07534022,-121.7004757,792.6290439
38.07534022,-121.7002996,773.2380189
38.07534022,-121.7001235,971.7068663
38.07534022,-121.6999474,666.7344338
38.07534022,-121.6997714,1208.488676
38.07534022,-121.6995953,823.7804346
38.07534022,-121.6994192,1262.395776
38.07534022,-121.6992432,651.377048
38.07534022,-121.6990671,992.4895515
38.07534022,-121.698891,802.9582924
38.07534022,-121.698715,911.0049616
38.07534022,-121.6985389,753.7262785
38.07534022,-121.6983628,1047.274829
38.07534022,-121.6981868,1252.854097
38.07534022,-121.6980107,1151.655315
38.07534022,-121.6978346,1150.931501
38.07534022,-121.6976586,1056.543777
38.07534022,-121.6974825,1049.822578
38.07534022,-121.6973064,677.9728697
38.07534022,-121.6971303,1254.828271
38.07534022,-121.6969543,1233.096521
38.07534022,-121.6967782,734.7399009
38.07534022,-121.6966021,977.7335416
38.07534022,-121.6964261,910.987854
38.07534022,-121.69625,857.5098139
38.07538132,-121.701356,1017.599081
38.07538132,-121.7011799,1127.365176
38.07538132,-121.7010039,1210.683873
38.07538132,-121.7008278,1313.046362
38.07538132,-121.7006517,762.3524396
38.07538132,-121.7004757,1038.033233
38.07538132,-121.7002996,641.2203778
38.07538132,-121.7001235,904.184554
38.07538132,-121.6999474,859.5787444
38.07538132,-121.6997714,1027.174223
38.07538132,-121.6995953,1234.754461
38.07538132,-121.6994192,711.9020197
38.07538132,-121.6992432,708.5663558
38.07538132,-121.6990671,569.5482907
38.07538132,-121.698891,579.7378657
38.07538132,-121.698715,712.8051633
38.07538132,-121.6985389,966.2090183
38.07538132,-121.6983628,1248.924867
38.07538132,-121.6981868,1271.42281
38.07538132,-121.6980107,943.7440184
38.07538132,-121.6978346,694.82319
38.07538132,-121.6976586,692.8594528
38.07538132,-121.6974825,877.7170544
38.07538132,-121.6973064,621.5688151
38.07538132,-121.6971303,737.6764702
38.07538132,-121.6969543,816.8059929
38.07538132,-121.6967782,657.7246995
38.07538132,-121.6966021,1061.009807
38.07538132,-121.6964261,1327.499455
38.07538132,-121.69625,821.5674495
38.07542242,-121.701356,877.7482871
38.07542242,-121.7011799,1398.143121
38.07542242,-121.7010039,1326.580489
38.07542242,-121.7008278,940.3637029
38.07542242,-121.7006517,547.509701
38.07542242,-121.7004757,684.180694
38.07542242,-121.7002996,571.3288634
38.07542242,-121.7001235,1264.375502
38.07542242,-121.6999474,801.1312371
38.07542242,-121.6997714,677.9632282
38.07542242,-121.6995953,830.8572914
38.07542242,-121.6994192,666.2038032
38.07542242,-121.6992432,1153.228988
38.07542242,-121.6990671,1359.307018
38.07542242,-121.698891,1064.217491
38.07542242,-121.698715,594.4292777
38.07542242,-121.6985389,772.0920527
38.07542242,-121.6983628,855.6403863
38.07542242,-121.6981868,1321.172175
38.07542242,-121.6980107,1192.678284
38.07542242,-121.6978346,578.6224442
38.07542242,-121.6976586,1094.968296
38.07542242,-121.6974825,1392.478213
38.07542242,-121.6973064,912.800579
38.07542242,-121.6971303,798.8971344
38.07542242,-121.6969543,884.4339518
38.07542242,-121.6967782,952.6014324
38.07542242,-121.6966021,1163.163351
38.07542242,-121.6964261,502.305966
38.07542242,-121.69625,673.5367119
38.07546353,-121.701356,542.020247
38.07546353,-121.7011799,608.2640264
38.07546353,-121.7010039,944.7359692
38.07546353,-121.7008278,698.9220075
38.07546353,-121.7006517,1132.602482
38.07546353,-121.7004757,1294.051282
38.07546353,-121.7002996,785.0453071
38.07546353,-121.7001235,922.9054996
38.07546353,-121.6999474,1154.092916
38.07546353,-121.6997714,647.5613575
38.07546353,-121.6995953,529.936499
38.07546353,-121.6994192,693.5164835
38.07546353,-121.6992432,1317.673721
38.07546353,-121.6990671,627.0919889
38.07546353,-121.698891,941.2891245
38.07546353,-121.698715,608.934136
38.07546353,-121.6985389,540.2300556
38.07546353,-121.6983628,1391.231316
38.07546353,-121.6981868,686.305182
38.07546353,-121.6980107,779.627608
38.07546353,-121.6978346,785.7985429
38.07546353,-121.6976586,776.8957052
38.07546353,-121.6974825,763.1279487
38.07546353,-121.6973064,1010.979787
38.07546353,-121.6971303,534.6576799
38.07546353,-121.6969543,1385.088758
38.07546353,-121.6967782,772.0972801
38.07546353,-121.6966021,1025.143038
38.07546353,-121.6964261,1041.069105
38.07546353,-121.69625,708.2885205
38.07550463,-121.701356,552.4976138
38.07550463,-121.7011799,915.675651
38.07550463,-121.7010039,1489.196775
38.07550463,-121.7008278,702.3428275
38.07550463,-121.7006517,852.5868534
38.07550463,-121.7004757,526.9050925
38.07550463,-121.7002996,1097.793235
38.07550463,-121.7001235,648.8335733
38.07550463,-121.6999474,661.3767806
38.07550463,-121.6997714,1239.01384
38.07550463,-121.6995953,1248.945143
38.07550463,-121.6994192,987.850504
38.07550463,-121.6992432,1454.386106
38.07550463,-121.6990671,924.9493377
38.07550463,-121.698891,854.3199009
38.07550463,-121.698715,995.290447
38.07550463,-121.6985389,763.7802165
38.07550463,-121.6983628,1217.912385
38.07550463,-121.6981868,1336.78354
38.07550463,-121.6980107,941.8898016
38.07550463,-121.6978346,847.7955962
38.07550463,-121.6976586,1200.542911
38.07550463,-121.6974825,618.0295165
38.07550463,-121.6973064,948.0687225
38.07550463,-121.6971303,1330.345397
38.07550463,-121.6969543,1023.976439
38.07550463,-121.6967782,1304.820064
38.07550463,-121.6966021,802.1641712
38.07550463,-121.6964261,767.5984745
38.07550463,-121.69625,679.4470078
38.07554573,-121.701356,721.7179363
38.07554573,-121.7011799,569.2827957
38.07554573,-121.7010039,1017.878789
38.07554573,-121.7008278,838.3484177
38.07554573,-121.7006517,676.8255263
38.07554573,-121.7004757,1579.948318
38.07554573,-121.7002996,515.4686459
38.07554573,-121.7001235,763.1654626
38.07554573,-121.6999474,1415.375644
38.07554573,-121.6997714,1162.927162
38.07554573,-121.6995953,651.9123643
38.07554573,-121.6994192,933.8237569
38.07554573,-121.6992432,541.1402775
38.07554573,-121.6990671,859.5801986
38.07554573,-121.698891,1090.442714
38.07554573,-121.698715,1492.407326
38.07554573,-121.6985389,1046.157533
38.07554573,-121.6983628,1088.776549
38.07554573,-121.6981868,1220.458697
38.07554573,-121.6980107,1562.727912
38.07554573,-121.6978346,1305.420338
38.07554573,-121.6976586,946.6873797
38.07554573,-121.6974825,800.7736485
38.07554573,-121.6973064,1357.336322
38.07554573,-121.6971303,799.8463236
38.07554573,-121.6969543,1434.603935
38.07554573,-121.6967782,528.1766176
38.07554573,-121.6966021,624.4895925
38.07554573,-121.6964261,1343.036614
38.07554573,-121.69625,558.8454983
38.07558683,-121.701356,1527.515324
38.07558683,-121.7011799,1636.080225
38.07558683,-121.7010039,728.1735669
38.07558683,-121.7008278,1371.361031
38.07558683,-121.7006517,1399.162935
38.07558683,-121.7004757,542.2042304
38.07558683,-121.7002996,1259.333371
38.07558683,-121.7001235,577.0878585
38.07558683,-121.6999474,1568.124292
38.07558683,-121.6997714,1570.20173
38.07558683,-121.6995953,642.8058395
38.07558683,-121.6994192,1626.050796
38.07558683,-121.6992432,685.6580358
38.07558683,-121.6990671,1384.785004
38.07558683,-121.698891,1437.098918
38.07558683,-121.698715,1265.775138
38.07558683,-121.6985389,1079.85502
38.07558683,-121.6983628,537.4324925
38.07558683,-121.6981868,974.2315487
38.07558683,-121.6980107,668.5502335
38.07558683,-121.6978346,1482.796594
38.07558683,-121.6976586,719.8952725
38.07558683,-121.6974825,869.1118694
38.07558683,-121.6973064,1606.402365
38.07558683,-121.6971303,928.4372652
38.07558683,-121.6969543,1144.499806
38.07558683,-121.6967782,665.9773603
38.07558683,-121.6966021,1563.026942
38.07558683,-121.6964261,1418.905712
38.07558683,-121.69625,1460.531486
38.07562793,-121.701356,1160.511463
38.07562793,-121.7011799,746.4030557
38.07562793,-121.7010039,1292.780607
38.07562793,-121.7008278,1565.257704
38.07562793,-121.7006517,1223.916238
38.07562793,-121.7004757,1352.443958
38.07562793,-121.7002996,590.3825259
38.07562793,-121.7001235,1164.365048
38.07562793,-121.6999474,745.4397643
38.07562793,-121.6997714,827.6406155
38.07562793,-121.6995953,1259.147037
38.07562793,-121.6994192,1259.458679
38.07562793,-121.6992432,1525.876852
38.07562793,-121.6990671,1465.258597
38.07562793,-121.698891,709.1689324
38.07562793,-121.698715,598.1578634
38.07562793,-121.6985389,1014.502984
38.07562793,-121.6983628,599.0195973
38.07562793,-121.6981868,1186.615778
38.07562793,-121.6980107,1513.975438
38.07562793,-121.6978346,973.6772744
38.07562793,-121.6976586,1216.946518
38.07562793,-121.6974825,1174.645181
38.07562793,-121.6973064,1319.545228
38.07562793,-121.6971303,1379.123751
38.07562793,-121.6969543,1081.294964
38.07562793,-121.6967782,1619.787313
38.07562793,-121.6966021,637.8122563
38.07562793,-121.6964261,1651.043995
38.07562793,-121.69625,978.8711034
38.07566903,-121.701356,757.8312666
38.07566903,-121.7011799,1116.760974
38.07566903,-121.7010039,1435.44247
38.07566903,-121.7008278,1034.734756
38.07566903,-121.7006517,915.4637033
38.07566903,-121.7004757,1215.590695
38.07566903,-121.7002996,601.5377444
38.07566903,-121.7001235,1146.659205
38.07566903,-121.6999474,1484.332993
38.07566903,-121.6997714,1258.778954
38.07566903,-121.6995953,1420.979359
38.07566903,-121.6994192,642.855202
38.07566903,-121.6992432,1419.053201
38.07566903,-121.6990671,868.8217725
38.07566903,-121.698891,1365.840366
38.07566903,-121.698715,874.2644523
38.07566903,-121.6985389,587.599496
38.07566903,-121.6983628,1361.958558
38.07566903,-121.6981868,1545.987019
38.07566903,-121.6980107,826.2618052
38.07566903,-121.6978346,638.2361854
38.07566903,-121.6976586,1560.759002
38.07566903,-121.6974825,661.671518
38.07566903,-121.6973064,1654.683314
38.07566903,-121.6971303,1432.574423
38.07566903,-121.6969543,1677.232991
38.07566903,-121.6967782,752.1540316
38.07566903,-121.6966021,890.1989217
38.07566903,-121.6964261,708.3496387
38.07566903,-121.69625,856.8326088
38.07571014,-121.701356,992.1170132
38.07571014,-121.7011799,622.0823486
38.07571014,-121.7010039,1013.932829
38.07571014,-121.7008278,545.1787831
38.07571014,-121.7006517,934.790848
38.07571014,-121.7004757,1522.510413
38.07571014,-121.7002996,605.1104647
38.07571014,-121.7001235,817.8434189
38.07571014,-121.6999474,786.277692
38.07571014,-121.6997714,579.4136233
38.07571014,-121.6995953,500.2549028
38.07571014,-121.6994192,742.9690478
38.07571014,-121.6992432,853.5397613
38.07571014,-121.6990671,502.8677761
38.07571014,-121.698891,771.2446276
38.07571014,-121.698715,1431.351162
38.07571014,-121.6985389,1385.531749
38.07571014,-121.6983628,1775.848421
38.07571014,-121.6981868,597.1104999
38.07571014,-121.6980107,1374.348371
38.07571014,-121.6978346,688.8413277
38.07571014,-121.6976586,1315.382845
38.07571014,-121.6974825,1409.458954
38.07571014,-121.6973064,882.2432114
38.07571014,-121.6971303,1360.713218
38.07571014,-121.6969543,1597.085614
38.07571014,-121.6967782,1349.897345
38.07571014,-121.6966021,1052.543918
38.07571014,-121.6964261,567.3110523
38.07571014,-121.69625,677.0610488
38.07575124,-121.701356,595.5089025
38.07575124,-121.7011799,509.2681197
38.07575124,-121.7010039,1305.537431
38.07575124,-121.7008278,1754.326359
38.07575124,-121.7006517,1559.109264
38.07575124,-121.7004757,941.0082434
38.07575124,-121.7002996,1167.767512
38.07575124,-121.7001235,1483.047483
38.07575124,-121.6999474,989.2272672
38.07575124,-121.6997714,1864.998684
38.07575124,-121.6995953,887.0424259
38.07575124,-121.6994192,1600.617262
38.07575124,-121.6992432,1046.622041
38.07575124,-121.6990671,1297.094274
38.07575124,-121.698891,1306.245346
38.07575124,-121.698715,648.17504
38.07575124,-121.6985389,1524.197969
38.07575124,-121.6983628,556.0317388
38.07575124,-121.6981868,1752.517673
38.07575124,-121.6980107,530.6777134
38.07575124,-121.6978346,1127.806225
38.07575124,-121.6976586,1026.707452
38.07575124,-121.6974825,1087.241415
38.07575124,-121.6973064,1390.358425
38.07575124,-121.6971303,1501.093137
38.07575124,-121.6969543,509.4154115
38.07575124,-121.6967782,1032.496218
38.07575124,-121.6966021,1708.689054
38.07575124,-121.6964261,1476.386247
38.07575124,-121.69625,598.1126041
38.07579234,-121.701356,687.0732538
38.07579234,-121.7011799,1641.144528
38.07579234,-121.7010039,1928.029152
38.07579234,-121.7008278,743.5836698
38.07579234,-121.7006517,1603.544436
38.07579234,-121.7004757,923.6704041
38.07579234,-121.7002996,872.3321281
38.07579234,-121.7001235,1459.599298
38.07579234,-121.6999474,1172.847531
38.07579234,-121.6997714,642.0268777
38.07579234,-121.6995953,1592.875155
38.07579234,-121.6994192,864.9718093
38.07579234,-121.6992432,992.7033858
38.07579234,-121.6990671,879.7976315
38.07579234,-121.698891,1870.296984
38.07579234,-121.698715,1763.192429
38.07579234,-121.6985389,1213.317603
38.07579234,-121.6983628,1385.797288
38.07579234,-121.6981868,1656.4827
38.07579234,-121.6980107,1395.5767
38.07579234,-121.6978346,1029.325791
38.07579234,-121.6976586,1895.031043
38.07579234,-121.6974825,1242.394206
38.07579234,-121.6973064,1202.516727
38.07579234,-121.6971303,1366.985713
38.07579234,-121.6969543,757.0301296
38.07579234,-121.6967782,1199.70085
38.07579234,-121.6966021,541.3514768
38.07579234,-121.6964261,1270.455164
38.07579234,-121.69625,678.0399027
38.07583344,-121.701356,847.6320345
38.07583344,-121.7011799,1550.543891
38.07583344,-121.7010039,751.191567
38.07583344,-121.7008278,658.0957238
38.07583344,-121.7006517,633.887012
38.07583344,-121.7004757,1912.093581
38.07583344,-121.7002996,937.1618057
38.07583344,-121.7001235,627.7207087
38.07583344,-121.6999474,1215.086036
38.07583344,-121.6997714,1085.680368
38.07583344,-121.6995953,1886.731196
38.07583344,-121.6994192,1382.283085
38.07583344,-121.6992432,515.4266486
38.07583344,-121.6990671,869.8954734
38.07583344,-121.698891,1927.96489
38.07583344,-121.698715,1320.8621
38.07583344,-121.6985389,715.2324478
38.07583344,-121.6983628,1435.236271
38.07583344,-121.6981868,1594.188388
38.07583344,-121.6980107,927.6358778
38.07583344,-121.6978346,555.8624592
38.07583344,-121.6976586,1342.116275
38.07583344,-121.6974825,1795.215981
38.07583344,-121.6973064,1318.279553
38.07583344,-121.6971303,1101.217623
38.07583344,-121.6969543,788.4654479
38.07583344,-121.6967782,1577.717283
38.07583344,-121.6966021,1941.520671
38.07583344,-121.6964261,1353.865729
38.07583344,-121.69625,1442.683815
38.07587454,-121.701356,1498.452641
38.07587454,-121.7011799,865.2697135
38.07587454,-121.7010039,1935.445064
38.07587454,-121.7008278,1609.884217
38.07587454,-121.7006517,1495.287605
38.07587454,-121.7004757,2031.515213
38.07587454,-121.7002996,553.0813433
38.07587454,-121.7001235,780.348373
38.07587454,-121.6999474,1227.521978
38.07587454,-121.6997714,1103.187578
38.07587454,-121.6995953,1519.557599
38.07587454,-121.6994192,1320.800045
38.07587454,-121.6992432,1402.470225
38.07587454,-121.6990671,1584.72439
38.07587454,-121.698891,1676.359204
38.07587454,-121.698715,1090.821831
38.07587454,-121.6985389,503.5505303
38.07587454,-121.6983628,1047.362232
38.07587454,-121.6981868,1092.970512
38.07587454,-121.6980107,1218.022521
38.07587454,-121.6978346,1592.049877
38.07587454,-121.6976586,1205.225072
38.07587454,-121.6974825,1928.844945
38.07587454,-121.6973064,911.1295702
38.07587454,-121.6971303,1278.049251
38.07587454,-121.6969543,1224.58115
38.07587454,-121.6967782,1505.650533
38.07587454,-121.6966021,1644.756148
38.07587454,-121.6964261,792.5173574
38.07587454,-121.69625,1961.849435
38.07591564,-121.701356,1806.891323
38.07591564,-121.7011799,662.9379403
38.07591564,-121.7010039,874.0731861
38.07591564,-121.7008278,524.5643263
38.07591564,-121.7006517,1962.746818
38.07591564,-121.7004757,893.5897018
38.07591564,-121.7002996,1483.313467
38.07591564,-121.7001235,716.558247
38.07591564,-121.6999474,1860.141945
38.07591564,-121.6997714,1687.91955
38.07591564,-121.6995953,1383.68962
38.07591564,-121.6994192,1593.740359
38.07591564,-121.6992432,1859.910143
38.07591564,-121.6990671,1725.114874
38.07591564,-121.698891,510.5199522
38.07591564,-121.698715,1222.813748
38.07591564,-121.6985389,1017.608629
38.07591564,-121.6983628,1884.479693
38.07591564,-121.6981868,1094.547314
38.07591564,-121.6980107,556.9091357
38.07591564,-121.6978346,759.4922781
38.07591564,-121.6976586,1660.670138
38.07591564,-121.6974825,1765.261871
38.07591564,-121.6973064,1856.751688
38.07591564,-121.6971303,895.2871962
38.07591564,-121.6969543,1142.747574
38.07591564,-121.6967782,1243.878862
38.07591564,-121.6966021,1246.47203
38.07591564,-121.6964261,1667.392958
38.07591564,-121.69625,1417.620291
38.07595675,-121.701356,1478.962136
38.07595675,-121.7011799,1171.52902
38.07595675,-121.7010039,1446.907908
38.07595675,-121.7008278,1448.214534
38.07595675,-121.7006517,1047.183772
38.07595675,-121.7004757,505.3234012
38.07595675,-121.7002996,675.5863374
38.07595675,-121.7001235,1309.149167
38.07595675,-121.6999474,603.622452
38.07595675,-121.6997714,2032.771224
38.07595675,-121.6995953,910.3171117
38.07595675,-121.6994192,2116.104906
38.07595675,-121.6992432,807.0281708
38.07595675,-121.6990671,1149.040648
38.07595675,-121.698891,1672.494701
38.07595675,-121.698715,1928.201777
38.07595675,-121.6985389,892.7121936
38.07595675,-121.6983628,1797.703501
38.07595675,-121.6981868,1624.009141
38.07595675,-121.6980107,1869.071649
38.07595675,-121.6978346,1757.969075
38.07595675,-121.6976586,1088.273606
38.07595675,-121.6974825,1932.639427
38.07595675,-121.6973064,1900.972579
38.07595675,-121.6971303,950.9946045
38.07595675,-121.6969543,1335.318661
38.07595675,-121.6967782,1952.915435
38.07595675,-121.6966021,1035.09915
38.07595675,-121.6964261,2041.308763
38.07595675,-121.69625,854.9895915
38.07599785,-121.701356,1929.469931
38.07599785,-121.7011799,633.4928812
38.07599785,-121.7010039,1880.154547
38.07599785,-121.7008278,1327.055417
38.07599785,-121.7006517,1480.767424
38.07599785,-121.7004757,2054.360283
38.07599785,-121.7002996,589.2456995
38.07599785,-121.7001235,1166.620669
38.07599785,-121.6999474,820.5321612
38.07599785,-121.6997714,791.4961906
38.07599785,-121.6995953,1971.018153
38.07599785,-121.6994192,722.0767051
38.07599785,-121.6992432,1671.282313
38.07599785,-121.6990671,1692.603238
38.07599785,-121.698891,614.7778479
38.07599785,-121.698715,1377.723183
38.07599785,-121.6985389,590.2664728
38.07599785,-121.6983628,730.6875711
38.07599785,-121.6981868,1231.075054
38.07599785,-121.6980107,1356.293577
38.07599785,-121.6978346,1756.114219
38.07599785,-121.6976586,1511.152809
38.07599785,-121.6974825,1390.130281
38.07599785,-121.6973064,1482.297448
38.07599785,-121.6971303,856.4534795
38.07599785,-121.6969543,1764.25724
38.07599785,-121.6967782,902.8948266
38.07599785,-121.6966021,1164.854726
38.07599785,-121.6964261,708.9513128
38.07599785,-121.69625,1230.296896
38.07603895,-121.701356,1877.088414
38.07603895,-121.7011799,1476.017538
38.07603895,-121.7010039,1724.967518
38.07603895,-121.7008278,2085.368218
38.07603895,-121.7006517,2158.074516
38.07603895,-121.7004757,1390.411549
38.07603895,-121.7002996,1115.921805
38.07603895,-121.7001235,913.8568914
38.07603895,-121.6999474,732.1166264
38.07603895,-121.6997714,574.1045135
38.07603895,-121.6995953,773.7877377
38.07603895,-121.6994192,1216.502854
38.07603895,-121.6992432,2181.167192
38.07603895,-121.6990671,645.3694892
38.07603895,-121.698891,1698.731273
38.07603895,-121.698715,520.5667882
38.07603895,-121.6985389,918.7089065
38.07603895,-121.6983628,2025.776394
38.07603895,-121.6981868,1062.359771
38.07603895,-121.6980107,1288.21769
38.07603895,-121.6978346,1224.817058
38.07603895,-121.6976586,2045.390071
38.07603895,-121.6974825,800.1257692
38.07603895,-121.6973064,982.0752579
38.07603895,-121.6971303,1263.936099
38.07603895,-121.6969543,661.1711583
38.07603895,-121.6967782,1864.141475
38.07603895,-121.6966021,2085.769448
38.07603895,-121.6964261,1192.037412
38.07603895,-121.69625,1840.479123
38.07608005,-121.701356,534.074897
38.07608005,-121.7011799,2341.376584
38.07608005,-121.7010039,1040.259267
38.07608005,-121.7008278,1175.80943
38.07608005,-121.7006517,2251.479726
38.07608005,-121.7004757,517.5859469
38.07608005,-121.7002996,542.5780419
38.07608005,-121.7001235,2000.902264
38.07608005,-121.6999474,2016.63163
38.07608005,-121.6997714,1550.071036
38.07608005,-121.6995953,2084.251469
38.07608005,-121.6994192,2311.230885
38.07608005,-121.6992432,872.6635312
38.07608005,-121.6990671,1704.124849
38.07608005,-121.698891,960.2870114
38.07608005,-121.698715,1980.893749
38.07608005,-121.6985389,1927.576214
38.07608005,-121.6983628,571.3808783
38.07608005,-121.6981868,694.2385217
38.07608005,-121.6980107,608.0579145
38.07608005,-121.6978346,2044.297912
38.07608005,-121.6976586,680.3325599
38.07608005,-121.6974825,2256.549818
38.07608005,-121.6973064,1780.546384
38.07608005,-121.6971303,1859.396176
38.07608005,-121.6969543,1633.141936
38.07608005,-121.6967782,1851.959211
38.07608005,-121.6966021,1630.825304
38.07608005,-121.6964261,846.6898683
38.07608005,-121.69625,650.5335563
38.07612115,-121.701356,1893.304056
38.07612115,-121.7011799,1221.957058
38.07612115,-121.7010039,869.353248
38.07612115,-121.7008278,2125.274814
38.07612115,-121.7006517,2339.995704
38.07612115,-121.7004757,1058.56761
38.07612115,-121.7002996,1015.410467
38.07612115,-121.7001235,785.7924358
38.07612115,-121.6999474,991.2456643
38.07612115,-121.6997714,1828.098365
38.07612115,-121.6995953,1916.005432
38.07612115,-121.6994192,1376.341341
38.07612115,-121.6992432,627.8362355
38.07612115,-121.6990671,819.5784452
38.07612115,-121.698891,1166.848135
38.07612115,-121.698715,2118.499446
38.07612115,-121.6985389,1011.082258
38.07612115,-121.6983628,1644.958887
38.07612115,-121.6981868,1654.012688
38.07612115,-121.6980107,2179.300734
38.07612115,-121.6978346,2248.61735
38.07612115,-121.6976586,621.4707892
38.07612115,-121.6974825,1035.035761
38.07612115,-121.6973064,1717.367821
38.07612115,-121.6971303,2405.870762
38.07612115,-121.6969543,2334.921621
38.07612115,-121.6967782,1170.073368
38.07612115,-121.6966021,1769.345958
38.07612115,-121.6964261,916.5715186
38.07612115,-121.69625,929.5312629
38.07616225,-121.701356,1293.661336
38.07616225,-121.7011799,1136.226497
38.07616225,-121.7010039,1675.618987
38.07616225,-121.7008278,1950.360179
38.07616225,-121.7006517,809.7232169
38.07616225,-121.7004757,1443.13702
38.07616225,-121.7002996,2304.446874
38.07616225,-121.7001235,2128.95498
38.07616225,-121.6999474,970.4170723
38.07616225,-121.6997714,958.4548385
38.07616225,-121.6995953,871.556419
38.07616225,-121.6994192,2454.330756
38.07616225,-121.6992432,937.4516329
38.07616225,-121.6990671,807.3327708
38.07616225,-121.698891,704.7949369
38.07616225,-121.698715,2401.012112
38.07616225,-121.6985389,2136.11757
38.07616225,-121.6983628,528.6421006
38.07616225,-121.6981868,1240.093255
38.07616225,-121.6980107,1532.288204
38.07616225,-121.6978346,561.8546918
38.07616225,-121.6976586,2196.797287
38.07616225,-121.6974825,953.6029642
38.07616225,-121.6973064,1116.061653
38.07616225,-121.6971303,656.1877619
38.07616225,-121.6969543,1207.071019
38.07616225,-121.6967782,502.5600549
38.07616225,-121.6966021,1868.187002
38.07616225,-121.6964261,1883.958638
38.07616225,-121.69625,675.919636
38.07620336,-121.701356,792.8805413
38.07620336,-121.7011799,892.1041568
38.07620336,-121.7010039,860.3986944
38.07620336,-121.7008278,2219.408135
38.07620336,-121.7006517,1244.447325
38.07620336,-121.7004757,2529.450279
38.07620336,-121.7002996,882.1977156
38.07620336,-121.7001235,1005.836897
38.07620336,-121.6999474,1174.326855
38.07620336,-121.6997714,1777.130656
38.07620336,-121.6995953,2132.474168
38.07620336,-121.6994192,2291.301239
38.07620336,-121.6992432,1951.547272
38.07620336,-121.6990671,1432.732634
38.07620336,-121.698891,1457.496584
38.07620336,-121.698715,1250.296719
38.07620336,-121.6985389,1685.529946
38.07620336,-121.6983628,1888.068809
38.07620336,-121.6981868,979.1535212
38.07620336,-121.6980107,1433.590953
38.07620336,-121.6978346,716.8333
38.07620336,-121.6976586,1411.444706
38.07620336,-121.6974825,692.5486619
38.07620336,-121.6973064,1942.319145
38.07620336,-121.6971303,1017.048639
38.07620336,-121.6969543,1168.769095
38.07620336,-121.6967782,2313.751321
38.07620336,-121.6966021,2188.006264
38.07620336,-121.6964261,690.761414
38.07620336,-121.69625,1147.185264
38.07624446,-121.701356,2438.979127
38.07624446,-121.7011799,1153.323976
38.07624446,-121.7010039,2512.061435
38.07624446,-121.7008278,1423.211742
38.07624446,-121.7006517,2478.58677
38.07624446,-121.7004757,517.09745
38.07624446,-121.7002996,1990.173951
38.07624446,-121.7001235,1986.628534
38.07624446,-121.6999474,822.08531
38.07624446,-121.6997714,1724.103037
38.07624446,-121.6995953,987.3989126
38.07624446,-121.6994192,506.8309348
38.07624446,-121.6992432,2386.335549
38.07624446,-121.6990671,1318.115191
38.07624446,-121.698891,821.1073042
38.07624446,-121.698715,655.4744234
38.07624446,-121.6985389,1193.851591
38.07624446,-121.6983628,561.7772128
38.07624446,-121.6981868,2441.747209
38.07624446,-121.6980107,2500.227211
38.07624446,-121.6978346,1001.283289
38.07624446,-121.6976586,1670.441174
38.07624446,-121.6974825,2576.87511
38.07624446,-121.6973064,2268.881896
38.07624446,-121.6971303,2153.698895
38.07624446,-121.6969543,505.2531899
38.07624446,-121.6967782,2206.882159
38.07624446,-121.6966021,530.4862209
38.07624446,-121.6964261,728.7005888
38.07624446,-121.69625,607.0972809
38.07628556,-121.701356,2329.46138
38.07628556,-121.7011799,2416.384784
38.07628556,-121.7010039,1982.77113
38.07628556,-121.7008278,2652.327969
38.07628556,-121.7006517,2384.494029
38.07628556,-121.7004757,2434.32647
38.07628556,-121.7002996,1106.668629
38.07628556,-121.7001235,1598.491244
38.07628556,-121.6999474,2137.720277
38.07628556,-121.6997714,784.729468
38.07628556,-121.6995953,1291.931169
38.07628556,-121.6994192,871.049827
38.07628556,-121.6992432,1726.314291
38.07628556,-121.6990671,1795.471792
38.07628556,-121.698891,2538.489126
38.07628556,-121.698715,1914.003784
38.07628556,-121.6985389,2136.290185
38.07628556,-121.6983628,1927.239813
38.07628556,-121.6981868,1787.936759
38.07628556,-121.6980107,1561.32373
38.07628556,-121.6978346,1814.706243
38.07628556,-121.6976586,903.6978842
38.07628556,-121.6974825,2075.053266
38.07628556,-121.6973064,2643.361421
38.07628556,-121.6971303,2225.973572
38.07628556,-121.6969543,2555.896374
38.07628556,-121.6967782,974.5674267
38.07628556,-121.6966021,618.1156609
38.07628556,-121.6964261,839.2278627
38.07628556,-121.69625,687.7982103
38.07632666,-121.701356,1654.026791
38.07632666,-121.7011799,1293.815092
38.07632666,-121.7010039,982.1506357
38.07632666,-121.7008278,1649.007779
38.07632666,-121.7006517,2397.768022
38.07632666,-121.7004757,807.4490388
38.07632666,-121.7002996,1578.83673
38.07632666,-121.7001235,2438.151512
38.07632666,-121.6999474,943.4983195
38.07632666,-121.6997714,1191.719557
38.07632666,-121.6995953,625.9527667
38.07632666,-121.6994192,1026.596713
38.07632666,-121.6992432,1604.701221
38.07632666,-121.6990671,1993.181481
38.07632666,-121.698891,1492.403051
38.07632666,-121.698715,1672.033855
38.07632666,-121.6985389,2716.254201
38.07632666,-121.6983628,1104.788455
38.07632666,-121.6981868,1761.969138
38.07632666,-121.6980107,735.0671039
38.07632666,-121.6978346,732.1834753
38.07632666,-121.6976586,1434.231691
38.07632666,-121.6974825,1118.985025
38.07632666,-121.6973064,803.2043754
38.07632666,-121.6971303,1188.472543
38.07632666,-121.6969543,2316.624814
38.07632666,-121.6967782,1565.4847
38.07632666,-121.6966021,2595.890426
38.07632666,-121.6964261,1812.926662
38.07632666,-121.69625,897.4307491
38.07636776,-121.701356,606.1646014
38.07636776,-121.7011799,1093.080229
38.07636776,-121.7010039,674.3256696
38.07636776,-121.7008278,2217.945077
38.07636776,-121.7006517,2319.237461
38.07636776,-121.7004757,713.7730463
38.07636776,-121.7002996,2244.844859
38.07636776,-121.7001235,2194.438602
38.07636776,-121.6999474,2635.189104
38.07636776,-121.6997714,1316.309263
38.07636776,-121.6995953,1381.431014
38.07636776,-121.6994192,2576.423549
38.07636776,-121.6992432,562.2974047
38.07636776,-121.6990671,2672.046178
38.07636776,-121.698891,1394.837513
38.07636776,-121.698715,2440.243099
38.07636776,-121.6985389,1262.809058
38.07636776,-121.6983628,2527.184208
38.07636776,-121.6981868,2132.900999
38.07636776,-121.6980107,1570.950181
38.07636776,-121.6978346,750.6447057
38.07636776,-121.6976586,1686.744726
38.07636776,-121.6974825,1289.517361
38.07636776,-121.6973064,1234.101283
38.07636776,-121.6971303,1248.363928
38.07636776,-121.6969543,1664.891736
38.07636776,-121.6967782,2772.858668
38.07636776,-121.6966021,2492.468938
38.07636776,-121.6964261,2169.777455
38.07636776,-121.69625,923.7417402
38.07640886,-121.701356,2385.037695
38.07640886,-121.7011799,2676.04413
38.07640886,-121.7010039,2682.002701
38.07640886,-121.7008278,2026.719016
38.07640886,-121.7006517,2811.467339
38.07640886,-121.7004757,557.2169034
38.07640886,-121.7002996,2016.585304
38.07640886,-121.7001235,1563.782774
38.07640886,-121.6999474,1300.709208
38.07640886,-121.6997714,1591.167479
38.07640886,-121.6995953,1213.460839
38.07640886,-121.6994192,920.5407873
38.07640886,-121.6992432,1765.25962
38.07640886,-121.6990671,1364.208698
38.07640886,-121.698891,2211.565235
38.07640886,-121.698715,1875.980177
38.07640886,-121.6985389,621.6121612
38.07640886,-121.6983628,1459.12846
38.07640886,-121.6981868,513.8936082
38.07640886,-121.6980107,2822.881113
38.07640886,-121.6978346,1301.398544
38.07640886,-121.6976586,948.5223671
38.07640886,-121.6974825,775.280635
38.07640886,-121.6973064,1299.100496
38.07640886,-121.6971303,1103.708037
38.07640886,-121.6969543,2834.18516
38.07640886,-121.6967782,781.2403824
38.07640886,-121.6966021,1078.551777
38.07640886,-121.6964261,1673.02944
38.07640886,-121.69625,2588.207504
38.07644997,-121.701356,1089.251188
38.07644997,-121.7011799,523.9663802
38.07644997,-121.7010039,1920.16839
38.07644997,-121.7008278,1616.342698
38.07644997,-121.7006517,2100.251734
38.07644997,-121.7004757,2412.906805
38.07644997,-121.7002996,1774.474169
38.07644997,-121.7001235,2436.102829
38.07644997,-121.6999474,658.6806523
38.07644997,-121.6997714,1860.302533
38.07644997,-121.6995953,2155.317589
38.07644997,-121.6994192,2770.714269
38.07644997,-121.6992432,781.5148882
38.07644997,-121.6990671,2035.490044
38.07644997,-121.698891,864.2971286
38.07644997,-121.698715,913.6154312
38.07644997,-121.6985389,2358.916519
38.07644997,-121.6983628,2161.898989
38.07644997,-121.6981868,2240.157984
38.07644997,-121.6980107,1090.196872
38.07644997,-121.6978346,969.2683884
38.07644997,-121.6976586,1229.362899
38.07644997,-121.6974825,1494.87962
38.07644997,-121.6973064,2753.404003
38.07644997,-121.6971303,593.6525558
38.07644997,-121.6969543,2093.069807
38.07644997,-121.6967782,861.1262447
38.07644997,-121.6966021,1355.364992
38.07644997,-121.6964261,2405.017243
38.07644997,-121.69625,2786.137827
38.07649107,-121.701356,1630.082422
38.07649107,-121.7011799,2287.707134
38.07649107,-121.7010039,2036.214207
38.07649107,-121.7008278,2280.695706
38.07649107,-121.7006517,1216.920354
38.07649107,-121.7004757,1959.44421
38.07649107,-121.7002996,1724.303447
38.07649107,-121.7001235,2253.889073
38.07649107,-121.6999474,2914.5688
38.07649107,-121.6997714,1648.84163
38.07649107,-121.6995953,2216.437881
38.07649107,-121.6994192,884.3929793
38.07649107,-121.6992432,981.4351776
38.07649107,-121.6990671,1035.906345
38.07649107,-121.698891,1835.380054
38.07649107,-121.698715,1520.590918
38.07649107,-121.6985389,2440.527965
38.07649107,-121.6983628,2762.00222
38.07649107,-121.6981868,1513.631099
38.07649107,-121.6980107,1399.918924
38.07649107,-121.6978346,2048.332183
38.07649107,-121.6976586,1877.172879
38.07649107,-121.6974825,2020.585996
38.07649107,-121.6973064,2114.09191
38.07649107,-121.6971303,2255.735996
38.07649107,-121.6969543,1402.021517
38.07649107,-121.6967782,796.0229846
38.07649107,-121.6966021,1519.323793
38.07649107,-121.6964261,549.7066613
38.07649107,-121.69625,1382.711446
38.07653217,-121.701356,1493.264508
38.07653217,-121.7011799,2625.90487
38.07653217,-121.7010039,1903.315879
38.07653217,-121.7008278,980.9364183
38.07653217,-121.7006517,2873.611761
38.07653217,-121.7004757,2598.194902
38.07653217,-121.7002996,2298.10865
38.07653217,-121.7001235,1512.370263
38.07653217,-121.6999474,1621.177945
38.07653217,-121.6997714,1021.589149
38.07653217,-121.6995953,693.2023611
38.07653217,-121.6994192,2561.166133
38.07653217,-121.6992432,652.1521016
38.07653217,-121.6990671,2047.955699
38.07653217,-121.698891,2403.117724
38.07653217,-121.698715,2467.703453
38.07653217,-121.6985389,2484.144357
38.07653217,-121.6983628,2573.275361
38.07653217,-121.6981868,1184.351691
38.07653217,-121.6980107,2823.178457
38.07653217,-121.6978346,1803.598877
38.07653217,-121.6976586,654.5967164
38.07653217,-121.6974825,1640.624863
38.07653217,-121.6973064,2214.875668
38.07653217,-121.6971303,2466.25969
38.07653217,-121.6969543,1347.279017
38.07653217,-121.6967782,2463.693674
38.07653217,-121.6966021,1946.695061
38.07653217,-121.6964261,1201.308392
38.07653217,-121.69625,2012.743888
38.07657327,-121.701356,2261.933229
38.07657327,-121.7011799,2227.289412
38.07657327,-121.7010039,1347.226656
38.07657327,-121.7008278,1759.090083
38.07657327,-121.7006517,2599.490922
38.07657327,-121.7004757,3043.011269
38.07657327,-121.7002996,1045.123917
38.07657327,-121.7001235,1574.724859
38.07657327,-121.6999474,1287.344294
38.07657327,-121.6997714,1506.931761
38.07657327,-121.6995953,1496.467441
38.07657327,-121.6994192,1828.130507
38.07657327,-121.6992432,844.7025373
38.07657327,-121.6990671,1983.161635
38.07657327,-121.698891,2611.120101
38.07657327,-121.698715,1482.858644
38.07657327,-121.6985389,825.6558934
38.07657327,-121.6983628,1484.804031
38.07657327,-121.6981868,1186.937841
38.07657327,-121.6980107,2279.943827
38.07657327,-121.6978346,1419.851498
38.07657327,-121.6976586,782.9737458
38.07657327,-121.6974825,1729.90387
38.07657327,-121.6973064,2428.173433
38.07657327,-121.6971303,1676.489114
38.07657327,-121.6969543,1513.664154
38.07657327,-121.6967782,1054.435492
38.07657327,-121.6966021,2455.472558
38.07657327,-121.6964261,1957.599597
38.07657327,-121.69625,2619.508696
38.07661437,-121.701356,1616.016343
38.07661437,-121.7011799,2472.649296
38.07661437,-121.7010039,2061.399696
38.07661437,-121.7008278,2014.73434
38.07661437,-121.7006517,2201.54495
38.07661437,-121.7004757,2561.621525
38.07661437,-121.7002996,2436.810381
38.07661437,-121.7001235,2461.948449
38.07661437,-121.6999474,1758.096782
38.07661437,-121.6997714,657.0111874
38.07661437,-121.6995953,2722.14551
38.07661437,-121.6994192,1371.738863
38.07661437,-121.6992432,1605.461039
38.07661437,-121.6990671,2971.729971
38.07661437,-121.698891,1927.566722
38.07661437,-121.698715,1858.211973
38.07661437,-121.6985389,1497.414779
38.07661437,-121.6983628,2861.937871
38.07661437,-121.6981868,3078.428692
38.07661437,-121.6980107,1673.053021
38.07661437,-121.6978346,1553.183428
38.07661437,-121.6976586,1272.170426
38.07661437,-121.6974825,2347.003884
38.07661437,-121.6973064,2512.328578
38.07661437,-121.6971303,2533.397593
38.07661437,-121.6969543,1175.022264
38.07661437,-121.6967782,1169.66357
38.07661437,-121.6966021,1957.010202
38.07661437,-121.6964261,3133.356612
38.07661437,-121.69625,2176.622247
38.07665547,-121.701356,1584.020489
38.07665547,-121.7011799,919.8640223
38.07665547,-121.7010039,2546.575401
38.07665547,-121.7008278,1834.926565
38.07665547,-121.7006517,3045.429134
38.07665547,-121.7004757,1889.683496
38.07665547,-121.7002996,1879.338786
38.07665547,-121.7001235,1533.780883
38.07665547,-121.6999474,819.0632802
38.07665547,-121.6997714,1938.740546
38.07665547,-121.6995953,612.7058087
38.07665547,-121.6994192,1342.907895
38.07665547,-121.6992432,730.2912618
38.07665547,-121.6990671,2422.477026
38.07665547,-121.698891,631.7148798
38.07665547,-121.698715,3013.483094
38.07665547,-121.6985389,1727.13384
38.07665547,-121.6983628,765.4034065
38.07665547,-121.6981868,1523.387102
38.07665547,-121.6980107,2734.865169
38.07665547,-121.6978346,837.6875713
38.07665547,-121.6976586,3191.430241
38.07665547,-121.6974825,2424.802466
38.07665547,-121.6973064,1402.588296
38.07665547,-121.6971303,2345.584662
38.07665547,-121.6969543,2213.721698
38.07665547,-121.6967782,1477.116161
38.07665547,-121.6966021,1781.902884
38.07665547,-121.6964261,2200.733787
38.07665547,-121.69625,2920.187525
38.07669658,-121.701356,1796.197609
38.07669658,-121.7011799,2854.233247
38.07669658,-121.7010039,2255.390761
38.07669658,-121.7008278,3022.113906
38.07669658,-121.7006517,647.1188132
38.07669658,-121.7004757,1076.137077
38.07669658,-121.7002996,2478.20864
38.07669658,-121.7001235,2307.540365
38.07669658,-121.6999474,892.9891845
38.07669658,-121.6997714,1616.475714
38.07669658,-121.6995953,2469.117005
38.07669658,-121.6994192,2824.13038
38.07669658,-121.6992432,3204.716181
38.07669658,-121.6990671,2768.581306
38.07669658,-121.698891,2671.773433
38.07669658,-121.698715,1313.375155
38.07669658,-121.6985389,2437.025656
38.07669658,-121.6983628,1499.285705
38.07669658,-121.6981868,968.2656974
38.07669658,-121.6980107,2574.863264
38.07669658,-121.6978346,2039.661844
38.07669658,-121.6976586,1627.994571
38.07669658,-121.6974825,3036.556775
38.07669658,-121.6973064,2206.177066
38.07669658,-121.6971303,2194.134068
38.07669658,-121.6969543,2342.231815
38.07669658,-121.6967782,2846.667272
38.07669658,-121.6966021,3184.236106
38.07669658,-121.6964261,2919.284318
38.07669658,-121.69625,2820.089422
38.07673768,-121.701356,859.6427101
38.07673768,-121.7011799,2246.505171
38.07673768,-121.7010039,666.9623322
38.07673768,-121.7008278,2205.785924
38.07673768,-121.7006517,3113.999537
38.07673768,-121.7004757,1526.71569
38.07673768,-121.7002996,2527.784177
38.07673768,-121.7001235,662.2403695
38.07673768,-121.6999474,834.1307197
38.07673768,-121.6997714,2260.89722
38.07673768,-121.6995953,3074.549479
38.07673768,-121.6994192,2268.984737
38.07673768,-121.6992432,2347.857791
38.07673768,-121.6990671,808.3059413
38.07673768,-121.698891,2454.367171
38.07673768,-121.698715,1875.054586
38.07673768,-121.6985389,2028.88644
38.07673768,-121.6983628,1099.801109
38.07673768,-121.6981868,2212.100697
38.07673768,-121.6980107,2738.333942
38.07673768,-121.6978346,3217.392638
38.07673768,-121.6976586,1562.781906
38.07673768,-121.6974825,2152.503034
38.07673768,-121.6973064,1724.563956
38.07673768,-121.6971303,1974.468972
38.07673768,-121.6969543,793.5771479
38.07673768,-121.6967782,1424.649884
38.07673768,-121.6966021,1312.306729
38.07673768,-121.6964261,2159.266525
38.07673768,-121.69625,606.2724628
38.07677878,-121.701356,1804.454078
38.07677878,-121.7011799,2975.424087
38.07677878,-121.7010039,694.9067152
38.07677878,-121.7008278,2730.435001
38.07677878,-121.7006517,2682.402214
38.07677878,-121.7004757,1754.178625
38.07677878,-121.7002996,1760.495131
38.07677878,-121.7001235,2484.876516
38.07677878,-121.6999474,2129.886795
38.07677878,-121.6997714,2699.432224
38.07677878,-121.6995953,2167.136915
38.07677878,-121.6994192,1035.642154
38.07677878,-121.6992432,1451.663012
38.07677878,-121.6990671,1680.383936
38.07677878,-121.698891,2209.960036
38.07677878,-121.698715,3112.262829
38.07677878,-121.6985389,3219.185397
38.07677878,-121.6983628,2937.868293
38.07677878,-121.6981868,2696.958235
38.07677878,-121.6980107,756.7334309
38.07677878,-121.6978346,1852.202721
38.07677878,-121.6976586,3308.669241
38.07677878,-121.6974825,613.5456728
38.07677878,-121.6973064,1076.487443
38.07677878,-121.6971303,2484.147917
38.07677878,-121.6969543,945.1363734
38.07677878,-121.6967782,1156.44257
38.07677878,-121.6966021,615.3645676
38.07677878,-121.6964261,934.5257354
38.07677878,-121.69625,2791.239581
38.07681988,-121.701356,2421.611743
38.07681988,-121.7011799,1690.181102
38.07681988,-121.7010039,855.211774
38.07681988,-121.7008278,2950.308801
38.07681988,-121.7006517,1252.286947
38.07681988,-121.7004757,2324.712707
38.07681988,-121.7002996,3430.702375
38.07681988,-121.7001235,1332.690844
38.07681988,-121.6999474,1613.197457
38.07681988,-121.6997714,1133.835593
38.07681988,-121.6995953,1685.311231
38.07681988,-121.6994192,1600.674602
38.07681988,-121.6992432,2772.544172
38.07681988,-121.6990671,1363.897885
38.07681988,-121.698891,2517.901166
38.07681988,-121.698715,1799.656246
38.07681988,-121.6985389,2858.497425
38.07681988,-121.6983628,1774.560692
38.07681988,-121.6981868,1155.696106
38.07681988,-121.6980107,681.3955343
38.07681988,-121.6978346,713.2464931
38.07681988,-121.6976586,1243.073399
38.07681988,-121.6974825,3246.47226
38.07681988,-121.6973064,2076.97659
38.07681988,-121.6971303,3362.616174
38.07681988,-121.6969543,1230.404674
38.07681988,-121.6967782,2379.443763
38.07681988,-121.6966021,2137.485097
38.07681988,-121.6964261,713.421592
38.07681988,-121.69625,3406.391637
38.07686098,-121.701356,1149.187327
38.07686098,-121.7011799,799.9708678
38.07686098,-121.7010039,2221.113021
38.07686098,-121.7008278,1651.447954
38.07686098,-121.7006517,1653.456748
38.07686098,-121.7004757,1975.537727
38.07686098,-121.7002996,1588.0782
38.07686098,-121.7001235,2203.74429
38.07686098,-121.6999474,3410.536787
38.07686098,-121.6997714,2297.988525
38.07686098,-121.6995953,2917.466492
38.07686098,-121.6994192,1767.858839
38.07686098,-121.6992432,1428.037576
38.07686098,-121.6990671,2580.461821
38.07686098,-121.698891,2699.455974
38.07686098,-121.698715,2890.728887
38.07686098,-121.6985389,3372.095089
38.07686098,-121.6983628,2232.334287
38.07686098,-121.6981868,1967.199768
38.07686098,-121.6980107,882.7200966
38.07686098,-121.6978346,1070.424115
38.07686098,-121.6976586,2495.69405
38.07686098,-121.6974825,964.2912442
38.07686098,-121.6973064,1110.724489
38.07686098,-121.6971303,1979.801337
38.07686098,-121.6969543,949.2712499
38.07686098,-121.6967782,1968.435705
38.07686098,-121.6966021,2103.340216
38.07686098,-121.6964261,3244.276493
38.07686098,-121.69625,2892.182575
38.07690208,-121.701356,1361.063735
38.07690208,-121.7011799,944.1218016
38.07690208,-121.7010039,2745.111343
38.07690208,-121.7008278,2385.329901
38.07690208,-121.7006517,2868.617645
38.07690208,-121.7004757,546.0195026
38.07690208,-121.7002996,3481.121416
38.07690208,-121.7001235,1234.895282
38.07690208,-121.6999474,579.4750862
38.07690208,-121.6997714,2425.103711
38.07690208,-121.6995953,2585.633292
38.07690208,-121.6994192,792.9963616
38.07690208,-121.6992432,689.3550502
38.07690208,-121.6990671,2247.471317
38.07690208,-121.698891,2791.519904
38.07690208,-121.698715,2205.246661
38.07690208,-121.6985389,1176.218996
38.07690208,-121.6983628,3238.429918
38.07690208,-121.6981868,523.6325549
38.07690208,-121.6980107,519.8362983
38.07690208,-121.6978346,2949.279406
38.07690208,-121.6976586,3222.422935
38.07690208,-121.6974825,2531.199056
38.07690208,-121.6973064,1083.777833
38.07690208,-121.6971303,2342.62683
38.07690208,-121.6969543,2650.652383
38.07690208,-121.6967782,2286.181264
38.07690208,-121.6966021,1910.55819
38.07690208,-121.6964261,1062.573331
38.07690208,-121.69625,2858.081881
38.07694319,-121.701356,3310.723869
38.07694319,-121.7011799,2108.737481
38.07694319,-121.7010039,1987.473195
38.07694319,-121.7008278,812.7703077
38.07694319,-121.7006517,2534.795627
38.07694319,-121.7004757,2027.964935
38.07694319,-121.7002996,3439.611735
38.07694319,-121.7001235,2141.68224
38.07694319,-121.6999474,2310.90291
38.07694319,-121.6997714,678.7535529
38.07694319,-121.6995953,3253.378411
38.07694319,-121.6994192,1241.392558
38.07694319,-121.6992432,1405.371697
38.07694319,-121.6990671,762.5785341
38.07694319,-121.698891,2586.254435
38.07694319,-121.698715,3427.663062
38.07694319,-121.6985389,583.0043053
38.07694319,-121.6983628,1248.510547
38.07694319,-121.6981868,2491.651454
38.07694319,-121.6980107,1674.408209
38.07694319,-121.6978346,2721.882179
38.07694319,-121.6976586,1167.900734
38.07694319,-121.6974825,2686.205349
38.07694319,-121.6973064,2018.918511
38.07694319,-121.6971303,3462.348053
38.07694319,-121.6969543,3344.189853
38.07694319,-121.6967782,2955.896428
38.07694319,-121.6966021,3091.843536
38.07694319,-121.6964261,3054.270715
38.07694319,-121.69625,1747.013762
38.07698429,-121.701356,2903.572958
38.07698429,-121.7011799,1374.381657
38.07698429,-121.7010039,2384.255436
38.07698429,-121.7008278,3371.124452
38.07698429,-121.7006517,1275.872267
38.07698429,-121.7004757,2473.169953
38.07698429,-121.7002996,2250.133911
38.07698429,-121.7001235,2181.856231
38.07698429,-121.6999474,1334.847224
38.07698429,-121.6997714,1494.958083
38.07698429,-121.6995953,3165.852767
38.07698429,-121.6994192,2498.820153
38.07698429,-121.6992432,3037.358034
38.07698429,-121.6990671,3295.618292
38.07698429,-121.698891,866.7126624
38.07698429,-121.698715,1441.813822
38.07698429,-121.6985389,1750.700516
38.07698429,-121.6983628,2033.042026
38.07698429,-121.6981868,3500.912172
38.07698429,-121.6980107,1831.160591
38.07698429,-121.6978346,2480.910443
38.07698429,-121.6976586,1004.48819
38.07698429,-121.6974825,1775.344682
38.07698429,-121.6973064,1546.595479
38.07698429,-121.6971303,3436.217567
38.07698429,-121.6969543,536.7588467
38.07698429,-121.6967782,591.3429966
38.07698429,-121.6966021,3261.375484
38.07698429,-121.6964261,568.6633298
38.07698429,-121.69625,731.0004322
38.07702539,-121.701356,3588.304385
38.07702539,-121.7011799,3171.446223
38.07702539,-121.7010039,1652.41605
38.07702539,-121.7008278,2510.81343
38.07702539,-121.7006517,1766.290502
38.07702539,-121.7004757,955.7425036
38.07702539,-121.7002996,1151.851924
38.07702539,-121.7001235,1055.497495
38.07702539,-121.6999474,1295.344513
38.07702539,-121.6997714,2506.435204
38.07702539,-121.6995953,3398.01285
38.07702539,-121.6994192,2407.883693
38.07702539,-121.6992432,2587.111253
38.07702539,-121.6990671,1752.22926
38.07702539,-121.698891,3235.04244
38.07702539,-121.698715,1034.918493
38.07702539,-121.6985389,1245.911094
38.07702539,-121.6983628,865.3915599
38.07702539,-121.6981868,2272.308689
38.07702539,-121.6980107,1851.119717
38.07702539,-121.6978346,2602.186047
38.07702539,-121.6976586,2982.968799
38.07702539,-121.6974825,3218.289609
38.07702539,-121.6973064,1962.822582
38.07702539,-121.6971303,3231.558263
38.07702539,-121.6969543,3095.113529
38.07702539,-121.6967782,1239.860836
38.07702539,-121.6966021,1469.427257
38.07702539,-121.6964261,1461.831112
38.07702539,-121.69625,802.4566238
38.07706649,-121.701356,1766.49873
38.07706649,-121.7011799,761.3902029
38.07706649,-121.7010039,2408.633382
38.07706649,-121.7008278,2858.630541
38.07706649,-121.7006517,2443.565751
38.07706649,-121.7004757,793.4457097
38.07706649,-121.7002996,3761.503955
38.07706649,-121.7001235,2855.254987
38.07706649,-121.6999474,568.8074892
38.07706649,-121.6997714,910.6100155
38.07706649,-121.6995953,2919.898918
38.07706649,-121.6994192,668.6500612
38.07706649,-121.6992432,3061.070822
38.07706649,-121.6990671,2757.560128
38.07706649,-121.698891,1644.464979
38.07706649,-121.698715,2969.414167
38.07706649,-121.6985389,3559.348041
38.07706649,-121.6983628,1168.089818
38.07706649,-121.6981868,3787.148553
38.07706649,-121.6980107,2070.861642
38.07706649,-121.6978346,2356.983658
38.07706649,-121.6976586,3442.099617
38.07706649,-121.6974825,3528.587969
38.07706649,-121.6973064,965.0820513
38.07706649,-121.6971303,1690.769259
38.07706649,-121.6969543,2180.202797
38.07706649,-121.6967782,1895.416533
38.07706649,-121.6966021,3243.151749
38.07706649,-121.6964261,3200.917648
38.07706649,-121.69625,1594.64066
38.07710759,-121.701356,2497.595944
38.07710759,-121.7011799,3803.458618
38.07710759,-121.7010039,1121.146519
38.07710759,-121.7008278,1408.908276
38.07710759,-121.7006517,2307.44897
38.07710759,-121.7004757,3760.375827
38.07710759,-121.7002996,3378.706692
38.07710759,-121.7001235,1960.294541
38.07710759,-121.6999474,2890.166737
38.07710759,-121.6997714,1953.048465
38.07710759,-121.6995953,2658.332098
38.07710759,-121.6994192,2107.08729
38.07710759,-121.6992432,2431.179087
38.07710759,-121.6990671,1962.378353
38.07710759,-121.698891,3068.460092
38.07710759,-121.698715,1566.846887
38.07710759,-121.6985389,921.4571415
38.07710759,-121.6983628,2305.270794
38.07710759,-121.6981868,3244.831262
38.07710759,-121.6980107,2077.100066
38.07710759,-121.6978346,1398.363414
38.07710759,-121.6976586,2495.995757
38.07710759,-121.6974825,1507.501288
38.07710759,-121.6973064,1837.496503
38.07710759,-121.6971303,516.590537
38.07710759,-121.6969543,1727.413051
38.07710759,-121.6967782,3167.145541
38.07710759,-121.6966021,3285.203958
38.07710759,-121.6964261,3729.638252
38.07710759,-121.69625,2719.090763
38.07714869,-121.701356,1878.408864
38.07714869,-121.7011799,2845.858632
38.07714869,-121.7010039,2069.425188
38.07714869,-121.7008278,2782.292748
38.07714869,-121.7006517,3174.168546
38.07714869,-121.7004757,944.2338599
38.07714869,-121.7002996,2574.713477
38.07714869,-121.7001235,2043.662454
38.07714869,-121.6999474,3227.865244
38.07714869,-121.6997714,3121.635882
38.07714869,-121.6995953,3020.17474
38.07714869,-121.6994192,2329.385104
38.07714869,-121.6992432,1880.621031
38.07714869,-121.6990671,2742.947156
38.07714869,-121.698891,3462.582327
38.07714869,-121.698715,1408.776692
38.07714869,-121.6985389,1779.967968
38.07714869,-121.6983628,1583.894601
38.07714869,-121.6981868,2899.23528
38.07714869,-121.6980107,1640.797152
38.07714869,-121.6978346,2408.673147
38.07714869,-121.6976586,1746.517681
38.07714869,-121.6974825,3493.556931
38.07714869,-121.6973064,2114.777824
38.07714869,-121.6971303,1494.664202
38.07714869,-121.6969543,2783.263169
38.07714869,-121.6967782,2922.919625
38.07714869,-121.6966021,3037.282584
38.07714869,-121.6964261,2536.280837
38.07714869,-121.69625,2054.050048
38.0771898,-121.701356,2972.577031
38.0771898,-121.7011799,1770.230434
38.0771898,-121.7010039,1563.775995
38.0771898,-121.7008278,2463.958149
38.0771898,-121.7006517,1497.330499
38.0771898,-121.7004757,2247.885413
38.0771898,-121.7002996,1379.613371
38.0771898,-121.7001235,1155.836352
38.0771898,-121.6999474,2694.636892
38.0771898,-121.6997714,2446.480849
38.0771898,-121.6995953,3602.530819
38.0771898,-121.6994192,3523.452629
38.0771898,-121.6992432,1620.669792
38.0771898,-121.6990671,3561.94321
38.0771898,-121.698891,2571.563114
38.0771898,-121.698715,3105.291089
38.0771898,-121.6985389,3094.372251
38.0771898,-121.6983628,2280.574693
38.0771898,-121.6981868,2352.079629
38.0771898,-121.6980107,3436.766449
38.0771898,-121.6978346,2946.186533
38.0771898,-121.6976586,772.3867563
38.0771898,-121.6974825,1674.907625
38.0771898,-121.6973064,1638.312158
38.0771898,-121.6971303,633.5947217
38.0771898,-121.6969543,2231.073609
38.0771898,-121.6967782,3070.264967
38.0771898,-121.6966021,2551.078791
38.0771898,-121.6964261,616.2362699
38.0771898,-121.69625,1161.240451
38.0772309,-121.701356,2929.884638
38.0772309,-121.7011799,3743.481955
38.0772309,-121.7010039,2300.474222
38.0772309,-121.7008278,1674.562833
38.0772309,-121.7006517,1533.453739
38.0772309,-121.7004757,965.8938286
38.0772309,-121.7002996,1024.816555
38.0772309,-121.7001235,1754.675764
38.0772309,-121.6999474,3597.433011
38.0772309,-121.6997714,1908.084818
38.0772309,-121.6995953,1719.643778
38.0772309,-121.6994192,2820.165804
38.0772309,-121.6992432,2435.966984
38.0772309,-121.6990671,2540.250359
38.0772309,-121.698891,3286.349061
38.0772309,-121.698715,3357.140567
38.0772309,-121.6985389,1665.83069
38.0772309,-121.6983628,3921.835314
38.0772309,-121.6981868,820.656216
38.0772309,-121.6980107,1386.820037
38.0772309,-121.6978346,2481.712737
38.0772309,-121.6976586,2909.19194
38.0772309,-121.6974825,2628.546942
38.0772309,-121.6973064,2124.122844
38.0772309,-121.6971303,1514.505554
38.0772309,-121.6969543,3646.467027
38.0772309,-121.6967782,3795.774815
38.0772309,-121.6966021,2201.710913
38.0772309,-121.6964261,1007.039837
38.0772309,-121.69625,2779.015138
38.077272,-121.701356,1948.349296
38.077272,-121.7011799,2307.953406
38.077272,-121.7010039,3285.23417
38.077272,-121.7008278,1453.309212
38.077272,-121.7006517,3443.258108
38.077272,-121.7004757,3080.777326
38.077272,-121.7002996,3700.115825
38.077272,-121.7001235,1839.849812
38.077272,-121.6999474,1256.298264
38.077272,-121.6997714,1117.900634
38.077272,-121.6995953,1952.10431
38.077272,-121.6994192,1019.826262
38.077272,-121.6992432,3703.997523
38.077272,-121.6990671,1053.364808
38.077272,-121.698891,3574.616112
38.077272,-121.698715,3913.519861
38.077272,-121.6985389,1670.685569
38.077272,-121.6983628,1702.101921
38.077272,-121.6981868,3133.31618
38.077272,-121.6980107,782.3092524
38.077272,-121.6978346,3717.973475
38.077272,-121.6976586,2278.093983
38.077272,-121.6974825,1241.580475
38.077272,-121.6973064,4075.074154
38.077272,-121.6971303,2895.184719
38.077272,-121.6969543,3595.811304
38.077272,-121.6967782,1530.069486
38.077272,-121.6966021,1596.053265
38.077272,-121.6964261,1330.986689
38.077272,-121.69625,1397.098626
