Call  Failure,Complains,Subscription  Length,Seconds of Use,Frequency of use,Frequency of SMS,Distinct Called Numbers,Status,Churn
8,0,38,4370,71,5,17,1,0
0,0,39,318,5,7,4,0,0
10,0,37,2453,60,359,24,1,0
10,0,38,4198,66,1,35,1,0
3,0,38,2393,58,2,33,1,0
11,0,38,3775,82,32,28,1,0
4,0,38,2360,39,285,18,1,0
13,0,37,9115,121,144,43,1,0
7,0,38,13773,169,0,44,1,0
7,0,38,4515,83,2,25,1,0
6,0,38,5918,95,7,12,1,0
9,0,38,2238,54,8,17,0,0
25,0,38,15140,225,54,32,1,0
4,0,38,3095,27,483,8,1,0
9,0,37,15485,182,150,30,1,0
3,0,37,6500,86,186,26,1,0
0,0,37,875,14,0,11,0,1
2,0,38,710,14,13,8,0,0
0,0,37,0,0,0,0,0,1
3,0,37,7508,127,384,43,1,0
7,0,37,11465,154,11,47,1,0
8,0,37,6718,75,108,37,1,0
23,1,33,955,47,16,17,0,1
21,1,36,10435,93,1,42,1,0
13,1,36,5818,98,26,24,1,1
1,0,34,2840,22,0,14,1,0
9,0,35,2990,41,9,16,0,1
9,1,36,2268,44,34,31,0,1
0,0,36,133,2,0,2,0,1
1,0,36,1668,25,0,6,1,0
3,0,33,6785,97,14,22,1,0
0,1,36,628,7,9,4,0,1
0,0,36,338,4,4,2,1,0
25,0,31,16075,238,0,80,1,0
6,0,34,6965,116,271,33,1,0
2,0,36,3718,82,2,28,1,0
3,0,35,1665,44,38,20,0,0
6,0,36,2780,53,175,23,1,0
4,0,27,1315,36,193,11,1,0
4,0,26,1568,39,30,68,1,0
11,0,27,700,25,10,7,0,0
0,0,26,825,10,21,3,0,1
10,0,25,1225,32,19,13,1,0
2,0,25,3225,61,8,23,1,0
2,0,18,1695,26,28,14,1,0
16,0,17,6393,141,85,42,1,0
12,0,15,8933,171,73,40,1,0
8,0,16,2853,45,31,19,1,0
2,0,9,4390,40,215,10,1,0
3,0,9,1488,19,0,7,1,1
11,0,40,4430,74,10,19,1,0
3,0,41,378,8,12,6,1,0
13,0,39,2513,63,364,26,1,0
13,0,40,4258,69,6,37,1,0
6,0,40,2453,61,7,35,1,0
14,0,40,3835,85,37,30,1,0
7,0,40,2420,42,290,20,1,0
16,0,39,9175,124,149,45,1,0
10,0,40,13833,172,5,46,1,0
10,0,40,4575,86,7,27,1,0
9,0,40,5978,98,12,14,1,0
12,0,40,2298,57,13,19,1,0
28,0,40,15200,228,59,34,1,0
7,0,40,3155,30,488,10,1,0
12,0,39,15545,185,155,32,1,0
6,0,39,6560,89,191,28,1,0
3,0,39,935,17,5,13,1,0
5,0,40,770,17,18,10,1,0
3,1,39,60,3,5,2,1,1
6,0,39,7568,130,389,45,1,0
10,0,39,11525,157,16,49,1,0
11,0,39,6778,78,113,39,1,0
26,1,35,1015,50,21,19,1,1
24,1,38,10495,96,6,44,1,0
16,0,38,5878,101,31,26,1,0
4,0,36,2900,25,5,16,1,0
12,0,37,3050,44,14,18,1,1
12,1,38,2328,47,39,33,1,1
3,0,38,193,5,5,4,1,1
4,0,38,1728,28,5,8,1,0
6,0,35,6845,100,19,24,1,0
3,0,38,688,10,14,6,1,1
3,0,38,398,7,9,4,1,0
28,0,33,16135,241,5,82,1,0
9,1,36,7025,119,276,35,1,0
5,0,38,3778,85,7,30,1,0
6,0,37,1725,47,43,22,1,0
9,0,38,2840,56,180,25,1,0
7,0,29,1375,39,198,13,1,0
7,0,28,1628,42,35,70,1,0
14,0,29,760,28,15,9,1,0
3,0,28,885,13,26,5,1,0
13,0,27,1285,35,24,15,1,0
5,0,27,3285,64,13,25,1,0
5,0,20,1755,29,33,16,1,0
19,0,19,6453,144,90,44,1,0
15,0,17,8993,174,78,42,1,0
11,0,18,2913,48,36,21,1,0
5,0,11,4450,43,220,12,1,0
6,1,11,1548,22,5,9,1,1
5,0,36,4310,68,0,15,1,0
0,0,37,258,2,2,2,0,0
7,0,35,2393,57,354,22,1,0
7,0,36,4138,63,0,33,1,0
0,0,36,2333,55,0,31,1,0
8,0,36,3715,79,27,26,1,0
1,0,36,2300,36,280,16,1,0
10,0,35,9055,118,139,41,1,0
4,0,36,13713,166,0,42,1,0
4,0,36,4455,80,0,23,1,0
3,0,36,5858,92,2,10,1,0
6,1,36,2178,51,3,15,0,0
22,0,36,15080,222,49,30,1,0
1,0,36,3035,24,478,6,1,0
6,0,35,15425,179,145,28,1,0
0,0,35,6440,83,181,24,1,0
0,0,35,815,11,0,9,0,0
0,0,36,650,11,8,6,0,0
0,0,35,0,0,0,0,0,1
0,0,35,7448,124,379,41,1,0
4,0,35,11405,151,6,45,1,0
5,0,35,6658,72,103,35,1,0
20,0,31,895,44,11,15,0,1
18,0,34,10375,90,0,40,1,0
10,0,34,5758,95,21,22,1,1
0,0,32,2780,19,0,12,1,0
6,0,33,2930,38,4,14,0,1
6,1,34,2208,41,29,29,0,1
0,1,34,0,0,0,0,0,1
0,0,34,1608,22,0,4,1,0
0,0,31,6725,94,9,20,1,0
0,0,34,568,4,4,2,0,1
0,0,34,0,0,0,0,1,0
22,0,29,16015,235,0,78,1,0
3,0,32,6905,113,266,31,1,0
0,0,34,3658,79,0,26,1,0
0,0,33,1605,41,33,18,0,0
3,0,34,2720,50,170,21,1,0
1,0,25,1255,33,188,9,1,0
1,0,24,1508,36,25,66,1,0
8,0,25,640,22,5,5,0,0
0,1,24,765,7,16,1,0,1
7,0,23,1165,29,14,11,1,0
0,0,23,3165,58,3,21,1,0
0,0,16,1635,23,23,12,1,0
13,0,15,6333,138,80,40,1,0
9,0,13,8873,168,68,38,1,0
5,0,14,2793,42,26,17,1,0
0,0,7,4330,37,210,8,1,0
0,0,7,1428,16,0,5,1,1
9,0,42,4450,73,15,21,1,0
1,1,43,398,7,17,8,0,1
11,0,41,2533,62,369,28,1,0
11,0,42,4278,68,11,39,1,0
4,0,42,2473,60,12,37,1,0
12,0,42,3855,84,42,32,1,0
5,0,42,2440,41,295,22,1,0
14,0,41,9195,123,154,47,1,0
8,0,42,13853,171,10,48,1,0
8,0,42,4595,85,12,29,1,0
7,0,42,5998,97,17,16,1,0
10,0,42,2318,56,18,21,0,0
26,0,42,15220,227,64,36,1,0
5,0,42,3175,29,493,12,1,0
10,0,41,15565,184,160,34,1,0
4,0,41,6580,88,196,30,1,0
1,0,41,955,16,10,15,0,0
3,0,42,790,16,23,12,0,0
1,0,41,80,2,10,4,0,1
4,0,41,7588,129,394,47,1,0
8,0,41,11545,156,21,51,1,0
9,0,41,6798,77,118,41,1,0
24,1,37,1035,49,26,21,0,1
22,1,40,10515,95,11,46,1,0
14,0,40,5898,100,36,28,1,1
2,0,38,2920,24,10,18,1,0
10,0,39,3070,43,19,20,0,1
10,1,40,2348,46,44,35,0,1
1,0,40,213,4,10,6,0,1
2,0,40,1748,27,10,10,1,0
4,0,37,6865,99,24,26,1,0
1,1,40,708,9,19,8,0,1
1,0,40,418,6,14,6,1,0
26,0,35,16155,240,10,84,1,0
7,1,38,7045,118,281,37,1,0
3,0,40,3798,84,12,32,1,0
4,0,39,1745,46,48,24,0,0
7,0,40,2860,55,185,27,1,0
5,0,31,1395,38,203,15,1,0
5,0,30,1648,41,40,72,1,0
12,0,31,780,27,20,11,0,0
1,0,30,905,12,31,7,0,0
11,0,29,1305,34,29,17,1,0
3,0,29,3305,63,18,27,1,0
3,0,22,1775,28,38,18,1,0
17,0,21,6473,143,95,46,1,0
13,0,19,9013,173,83,44,1,0
9,0,20,2933,47,41,23,1,0
3,0,13,4470,42,225,14,1,0
4,0,13,1568,21,10,11,1,1
7,0,34,4290,69,0,13,1,0
0,0,35,0,0,0,0,0,0
9,0,33,2373,58,349,20,1,0
9,0,34,4118,64,0,31,1,0
2,0,34,2313,56,0,29,1,0
10,0,34,3695,80,22,24,1,0
3,0,34,2280,37,275,14,1,0
12,0,33,9035,119,134,39,1,0
6,0,34,13693,167,0,40,1,0
6,0,34,4435,81,0,21,1,0
5,0,34,5838,93,0,8,1,0
8,0,34,2158,52,0,13,0,0
24,0,34,15060,223,44,28,1,0
3,0,34,3015,25,473,4,1,0
8,0,33,15405,180,140,26,1,0
2,0,33,6420,84,176,22,1,0
0,0,33,795,12,0,7,0,0
1,0,34,630,12,3,4,0,0
0,0,33,0,0,0,0,0,1
2,0,33,7428,125,374,39,1,0
6,0,33,11385,152,1,43,1,0
7,0,33,6638,73,98,33,1,0
22,0,29,875,45,6,13,0,1
20,0,32,10355,91,0,38,1,0
12,1,32,5738,96,16,20,1,1
0,0,30,2760,20,0,10,1,0
8,1,31,2910,39,0,12,0,1
8,0,32,2188,42,24,27,0,1
0,1,32,0,0,0,0,0,1
0,0,32,1588,23,0,2,1,0
2,0,29,6705,95,4,18,1,0
0,0,32,0,0,0,0,0,1
0,0,32,0,0,0,0,1,0
24,0,27,15995,236,0,76,1,0
5,0,30,6885,114,261,29,1,0
1,0,32,3638,80,0,24,1,0
2,0,31,1585,42,28,16,0,0
5,0,32,2700,51,165,19,1,0
3,0,23,1235,34,183,7,1,0
3,0,22,1488,37,20,64,1,0
10,0,23,620,23,0,3,0,0
0,0,22,0,0,11,0,0,0
9,0,21,1145,30,9,9,1,0
1,0,21,3145,59,0,19,1,0
1,0,14,1615,24,18,10,1,0
15,0,13,6313,139,75,38,1,0
11,0,11,8853,169,63,36,1,0
7,0,12,2773,43,21,15,1,0
1,0,5,4310,38,205,6,1,0
2,0,5,1408,17,0,3,1,1
13,0,44,4630,81,20,23,1,0
5,0,45,578,15,22,10,0,0
15,0,43,2713,70,374,30,1,0
15,0,44,4458,76,16,41,1,0
8,0,44,2653,68,17,39,1,0
16,0,44,4035,92,47,34,1,0
9,0,44,2620,49,300,24,1,0
18,0,43,9375,131,159,49,1,0
12,0,44,14033,179,15,50,1,0
12,0,44,4775,93,17,31,1,0
11,0,44,6178,105,22,18,1,0
14,1,44,2498,64,23,23,0,0
30,0,44,15400,235,69,38,1,0
9,0,44,3355,37,498,14,1,0
14,0,43,15745,192,165,36,1,0
8,0,43,6760,96,201,32,1,0
5,0,43,1135,24,15,17,0,0
7,0,44,970,24,28,14,0,0
5,0,43,260,10,15,6,0,1
8,0,43,7768,137,399,49,1,0
12,0,43,11725,164,26,53,1,0
13,0,43,6978,85,123,43,1,0
28,1,39,1215,57,31,23,0,1
26,0,42,10695,103,16,48,1,0
18,0,42,6078,108,41,30,1,0
6,0,40,3100,32,15,20,1,0
14,1,41,3250,51,24,22,0,1
14,1,42,2528,54,49,37,0,1
5,0,42,393,12,15,8,0,1
6,0,42,1928,35,15,12,1,0
8,0,39,7045,107,29,28,1,0
5,0,42,888,17,24,10,0,1
5,0,42,598,14,19,8,1,0
30,1,37,16335,248,15,86,1,0
11,1,40,7225,126,286,39,1,0
7,0,42,3978,92,17,34,1,0
8,0,41,1925,54,53,26,0,0
11,0,42,3040,63,190,29,1,0
9,0,33,1575,46,208,17,1,0
9,0,32,1828,49,45,74,1,0
16,0,33,960,35,25,13,0,0
5,0,32,1085,20,36,9,0,0
15,0,31,1485,42,34,19,1,0
7,0,31,3485,71,23,29,1,0
7,0,24,1955,36,43,20,1,0
21,0,23,6653,151,100,48,1,0
17,0,21,9193,181,88,46,1,0
13,0,22,3113,55,46,25,1,0
7,0,15,4650,50,230,16,1,0
8,1,15,1748,29,15,13,1,1
3,0,32,4110,61,0,11,1,0
0,0,33,0,0,0,0,0,0
5,0,31,2193,50,344,18,1,0
5,0,32,3938,56,0,29,1,0
0,0,32,2133,48,0,27,1,0
6,0,32,3515,72,17,22,1,0
0,0,32,2100,29,270,12,1,0
8,0,31,8855,111,129,37,1,0
2,0,32,13513,159,0,38,1,0
2,0,32,4255,73,0,19,1,0
1,0,32,5658,85,0,6,1,0
4,0,32,1978,44,0,11,0,0
20,0,32,14880,215,39,26,1,0
0,0,32,2835,17,468,2,1,0
4,0,31,15225,172,135,24,1,0
0,0,31,6240,76,171,20,1,0
0,0,31,615,4,0,5,0,0
0,0,32,450,4,0,2,0,0
0,0,31,0,0,0,0,0,1
0,0,31,7248,117,369,37,1,0
2,0,31,11205,144,0,41,1,0
3,0,31,6458,65,93,31,1,0
18,1,27,695,37,1,11,0,1
16,0,30,10175,83,0,36,1,0
8,1,30,5558,88,11,18,1,1
0,0,28,2580,12,0,8,1,0
4,0,29,2730,31,0,10,0,1
4,1,30,2008,34,19,25,0,1
0,0,30,0,0,0,0,0,1
0,0,30,0,0,0,0,1,0
0,0,27,6525,87,0,16,1,0
0,1,30,0,0,0,0,0,1
0,1,30,0,0,0,0,1,1
20,0,25,15815,228,0,74,1,0
1,0,28,6705,106,256,27,1,0
0,0,30,3458,72,0,22,1,0
0,0,29,1405,34,23,14,0,0
1,0,30,2520,43,160,17,1,0
0,0,21,1055,26,178,5,1,0
0,0,20,1308,29,15,62,1,0
6,0,21,440,15,0,1,0,0
0,0,20,0,0,6,0,0,0
5,0,19,965,22,4,7,1,0
0,0,19,2965,51,0,17,1,0
0,0,12,1435,16,13,8,1,0
11,0,11,6133,131,70,36,1,0
7,0,9,8673,161,58,34,1,0
3,0,10,2593,35,16,13,1,0
0,0,3,4130,30,200,4,1,0
0,1,3,1228,9,0,1,1,1
10,0,41,4550,79,16,22,1,0
2,0,42,498,13,18,9,0,0
12,0,40,2633,68,370,29,1,0
12,0,41,4378,74,12,40,1,0
5,0,41,2573,66,13,38,1,0
13,0,41,3955,90,43,33,1,0
6,0,41,2540,47,296,23,1,0
15,0,40,9295,129,155,48,1,0
9,0,41,13953,177,11,49,1,0
9,0,41,4695,91,13,30,1,0
8,0,41,6098,103,18,17,1,0
11,0,41,2418,62,19,22,0,0
27,0,41,15320,233,65,37,1,0
6,0,41,3275,35,494,13,1,0
11,0,40,15665,190,161,35,1,0
5,0,40,6680,94,197,31,1,0
2,0,40,1055,22,11,16,0,0
4,0,41,890,22,24,13,0,0
2,0,40,180,8,11,5,0,1
5,0,40,7688,135,395,48,1,0
9,0,40,11645,162,22,52,1,0
10,0,40,6898,83,119,42,1,0
25,1,36,1135,55,27,22,0,1
23,0,39,10615,101,12,47,1,0
15,0,39,5998,106,37,29,1,0
3,0,37,3020,30,11,19,1,0
11,1,38,3170,49,20,21,0,1
11,1,39,2448,52,45,36,0,1
2,1,39,313,10,11,7,0,1
3,0,39,1848,33,11,11,1,0
5,0,36,6965,105,25,27,1,0
2,0,39,808,15,20,9,0,1
2,0,39,518,12,15,7,1,0
27,1,34,16255,246,11,85,1,0
8,0,37,7145,124,282,38,1,0
4,0,39,3898,90,13,33,1,0
5,0,38,1845,52,49,25,0,0
8,0,39,2960,61,186,28,1,0
6,1,30,1495,44,204,16,1,1
6,0,29,1748,47,41,73,1,0
13,0,30,880,33,21,12,0,0
2,0,29,1005,18,32,8,0,0
12,0,28,1405,40,30,18,1,0
4,0,28,3405,69,19,28,1,0
4,0,21,1875,34,39,19,1,0
18,0,20,6573,149,96,47,1,0
14,0,18,9113,179,84,45,1,0
10,0,19,3033,53,42,24,1,0
4,0,12,4570,48,226,15,1,0
5,0,12,1668,27,11,12,1,1
6,0,35,4190,63,0,12,1,0
0,0,36,0,0,0,0,0,0
8,0,34,2273,52,348,19,1,0
8,0,35,4018,58,0,30,1,0
1,0,35,2213,50,0,28,1,0
9,0,35,3595,74,21,23,1,0
2,0,35,2180,31,274,13,1,0
11,0,34,8935,113,133,38,1,0
5,0,35,13593,161,0,39,1,0
5,0,35,4335,75,0,20,1,0
4,0,35,5738,87,0,7,1,0
7,0,35,2058,46,0,12,0,0
23,0,35,14960,217,43,27,1,0
2,0,35,2915,19,472,3,1,0
7,0,34,15305,174,139,25,1,0
1,0,34,6320,78,175,21,1,0
0,0,34,695,6,0,6,0,0
0,0,35,530,6,2,3,0,0
0,1,34,0,0,0,0,0,1
1,0,34,7328,119,373,38,1,0
5,0,34,11285,146,0,42,1,0
6,0,34,6538,67,97,32,1,0
21,1,30,775,39,5,12,0,1
19,0,33,10255,85,0,37,1,0
11,1,33,5638,90,15,19,1,1
0,0,31,2660,14,0,9,1,0
7,0,32,2810,33,0,11,0,1
7,1,33,2088,36,23,26,0,1
0,0,33,0,0,0,0,0,1
0,0,33,1488,17,0,1,1,0
1,0,30,6605,89,3,17,1,0
0,0,33,0,0,0,0,0,1
0,0,33,0,0,0,0,1,0
23,0,28,15895,230,0,75,1,0
4,0,31,6785,108,260,28,1,0
0,0,33,3538,74,0,23,1,0
1,0,32,1485,36,27,15,0,0
4,0,33,2600,45,164,18,1,0
2,0,24,1135,28,182,6,1,0
2,0,23,1388,31,19,63,1,0
9,0,24,520,17,0,2,0,0
0,0,23,0,0,10,0,0,0
8,0,22,1045,24,8,8,1,0
0,0,22,3045,53,0,18,1,0
0,0,15,1515,18,17,9,1,0
14,0,14,6213,133,74,37,1,0
10,0,12,8753,163,62,35,1,0
6,0,13,2673,37,20,14,1,0
0,0,6,4210,32,204,5,1,0
1,0,6,1308,11,0,2,1,1
12,0,38,4970,81,26,32,1,0
4,0,39,918,15,28,19,0,0
14,0,37,3053,70,380,39,1,0
14,0,38,4798,76,22,50,1,0
7,0,38,2993,68,23,48,1,0
15,0,38,4375,92,53,43,1,0
8,0,38,2960,49,306,33,1,0
17,0,37,9715,131,165,58,1,0
11,0,38,14373,179,21,59,1,0
11,0,38,5115,93,23,40,1,0
10,0,38,6518,105,28,27,1,0
13,0,38,2838,64,29,32,0,0
29,0,38,15740,235,75,47,1,0
8,0,38,3695,37,504,23,1,0
13,0,37,16085,192,171,45,1,0
7,0,37,7100,96,207,41,1,0
4,0,37,1475,24,21,26,0,0
6,0,38,1310,24,34,23,0,0
4,0,37,600,10,21,15,0,1
7,0,37,8108,137,405,58,1,0
11,0,37,12065,164,32,62,1,0
12,0,37,7318,85,129,52,1,0
27,1,33,1555,57,37,32,0,1
25,0,36,11035,103,22,57,1,0
17,0,36,6418,108,47,39,1,0
5,0,34,3440,32,21,29,1,0
13,1,35,3590,51,30,31,0,1
13,1,36,2868,54,55,46,0,1
4,0,36,733,12,21,17,0,1
5,0,36,2268,35,21,21,1,0
7,0,33,7385,107,35,37,1,0
4,0,36,1228,17,30,19,0,1
4,0,36,938,14,25,17,1,0
29,0,31,16675,248,21,95,1,0
10,0,34,7565,126,292,48,1,0
6,0,36,4318,92,23,43,1,0
7,1,35,2265,54,59,35,0,1
10,0,36,3380,63,196,38,1,0
8,0,27,1915,46,214,26,1,0
8,0,26,2168,49,51,83,1,0
15,0,27,1300,35,31,22,0,0
4,0,26,1425,20,42,18,0,0
14,0,25,1825,42,40,28,1,0
6,0,25,3825,71,29,38,1,0
6,0,18,2295,36,49,29,1,0
20,0,17,6993,151,106,57,1,0
16,0,15,9533,181,94,55,1,0
12,0,16,3453,55,52,34,1,0
6,0,9,4990,50,236,25,1,0
7,1,9,2088,29,21,22,1,1
4,0,38,3770,61,0,2,1,0
0,0,39,0,0,0,0,0,0
6,0,37,1853,50,338,9,1,0
6,0,38,3598,56,0,20,1,0
0,0,38,1793,48,0,18,1,0
7,0,38,3175,72,11,13,1,0
0,0,38,1760,29,264,3,1,0
9,0,37,8515,111,123,28,1,0
3,0,38,13173,159,0,29,1,0
3,0,38,3915,73,0,10,1,0
2,0,38,5318,85,0,15,1,0
5,0,38,1638,44,0,2,0,0
21,0,38,14540,215,33,17,1,0
0,0,38,2495,17,462,7,1,0
5,0,37,14885,172,129,15,1,0
0,0,37,5900,76,165,11,1,0
0,0,37,275,4,0,1,0,0
0,0,38,110,4,0,1,0,0
0,0,37,0,0,0,0,0,1
0,0,37,6908,117,363,28,1,0
3,0,37,10865,144,0,32,1,0
4,0,37,6118,65,87,22,1,0
19,0,33,355,37,0,2,0,1
17,0,36,9835,83,0,27,1,0
9,1,36,5218,88,5,9,1,1
0,0,34,2240,12,0,4,1,0
5,0,35,2390,31,0,1,0,1
5,0,36,1668,34,13,16,0,1
0,0,36,0,0,0,0,0,1
0,0,36,1068,15,0,3,1,0
0,0,33,6185,87,0,7,1,0
0,0,36,0,0,0,0,0,1
0,0,36,0,0,0,0,1,0
21,0,31,15475,228,0,65,1,0
2,0,34,6365,106,250,18,1,0
0,0,36,3118,72,0,13,1,0
0,0,35,1065,34,17,5,0,0
2,0,36,2180,43,154,8,1,0
0,0,27,715,26,172,1,1,0
0,0,26,968,29,9,53,1,0
7,0,27,100,15,0,3,0,0
0,0,26,0,0,0,0,0,0
6,0,25,625,22,0,2,1,0
0,0,25,2625,51,0,8,1,0
0,0,18,1095,16,7,6,1,0
12,0,17,5793,131,64,27,1,0
8,0,15,8333,161,52,25,1,0
4,0,16,2253,35,10,4,1,0
0,0,9,3790,30,194,23,1,0
0,1,9,888,9,0,3,1,1
8,0,39,4485,77,37,21,1,0
0,0,40,433,11,39,8,0,0
10,0,38,2568,66,391,28,1,0
10,0,39,4313,72,33,39,1,0
3,0,39,2508,64,34,37,1,0
11,0,39,3890,88,64,32,1,0
4,0,39,2475,45,317,22,1,0
13,0,38,9230,127,176,47,1,0
7,0,39,13888,175,32,48,1,0
7,0,39,4630,89,34,29,1,0
6,0,39,6033,101,39,16,1,0
9,1,39,2353,60,40,21,0,0
25,0,39,15255,231,86,36,1,0
4,0,39,3210,33,515,12,1,0
9,0,38,15600,188,182,34,1,0
3,0,38,6615,92,218,30,1,0
0,0,38,990,20,32,15,0,0
2,0,39,825,20,45,12,0,0
0,0,38,115,6,32,4,0,1
3,0,38,7623,133,416,47,1,0
7,0,38,11580,160,43,51,1,0
8,0,38,6833,81,140,41,1,0
23,1,34,1070,53,48,21,0,1
21,0,37,10550,99,33,46,1,0
13,0,37,5933,104,58,28,1,0
1,0,35,2955,28,32,18,1,0
9,1,36,3105,47,41,20,0,1
9,0,37,2383,50,66,35,0,1
0,0,37,248,8,32,6,0,1
1,0,37,1783,31,32,10,1,0
3,0,34,6900,103,46,26,1,0
0,0,37,743,13,41,8,0,1
0,0,37,453,10,36,6,1,0
25,0,32,16190,244,32,84,1,0
6,0,35,7080,122,303,37,1,0
2,0,37,3833,88,34,32,1,0
3,0,36,1780,50,70,24,0,0
6,0,37,2895,59,207,27,1,0
4,0,28,1430,42,225,15,1,0
4,0,27,1683,45,62,72,1,0
11,0,28,815,31,42,11,0,0
0,0,27,940,16,53,7,0,0
10,0,26,1340,38,51,17,1,0
2,0,26,3340,67,40,27,1,0
2,0,19,1810,32,60,18,1,0
16,0,18,6508,147,117,46,1,0
12,0,16,9048,177,105,44,1,0
8,0,17,2968,51,63,23,1,0
2,0,10,4505,46,247,14,1,0
3,0,10,1603,25,32,11,1,1
8,0,37,4255,65,0,13,1,0
0,0,38,0,0,0,0,0,0
10,0,36,2338,54,327,20,1,0
10,0,37,4083,60,0,31,1,0
3,0,37,2278,52,0,29,1,0
11,0,37,3660,76,0,24,1,0
4,0,37,2245,33,253,14,1,0
13,0,36,9000,115,112,39,1,0
7,0,37,13658,163,0,40,1,0
7,0,37,4400,77,0,21,1,0
6,0,37,5803,89,0,8,1,0
9,0,37,2123,48,0,13,0,0
25,0,37,15025,219,22,28,1,0
4,0,37,2980,21,451,4,1,0
9,0,36,15370,176,118,26,1,0
3,0,36,6385,80,154,22,1,0
0,0,36,760,8,0,7,0,0
2,0,37,595,8,0,4,0,0
0,1,36,0,0,0,0,0,1
3,0,36,7393,121,352,39,1,0
7,0,36,11350,148,0,43,1,0
8,0,36,6603,69,76,33,1,0
23,0,32,840,41,0,13,0,1
21,0,35,10320,87,0,38,1,0
13,1,35,5703,92,0,20,1,1
1,0,33,2725,16,0,10,1,0
9,1,34,2875,35,0,12,0,1
9,0,35,2153,38,2,27,0,1
0,0,35,0,0,0,0,0,1
1,0,35,1553,19,0,2,1,0
3,0,32,6670,91,0,18,1,0
0,0,35,513,1,0,3,0,1
0,0,35,0,0,0,0,1,0
25,0,30,15960,232,0,76,1,0
6,0,33,6850,110,239,29,1,0
2,0,35,3603,76,0,24,1,0
3,0,34,1550,38,6,16,0,0
6,0,35,2665,47,143,19,1,0
4,0,26,1200,30,161,7,1,0
4,0,25,1453,33,0,64,1,0
11,0,26,585,19,0,3,0,0
0,0,25,710,4,0,1,0,0
10,0,24,1110,26,0,9,1,0
2,0,24,3110,55,0,19,1,0
2,0,17,1580,20,0,10,1,0
16,0,16,6278,135,53,38,1,0
12,0,14,8818,165,41,36,1,0
8,0,15,2738,39,0,15,1,0
2,0,8,4275,34,183,6,1,0
3,1,8,1373,13,0,3,1,1
10,0,38,4560,72,14,20,1,0
2,0,39,508,6,16,7,0,0
12,0,37,2643,61,368,27,1,0
12,0,38,4388,67,10,38,1,0
5,0,38,2583,59,11,36,1,0
13,0,38,3965,83,41,31,1,0
6,0,38,2550,40,294,21,1,0
15,0,37,9305,122,153,46,1,0
9,0,38,13963,170,9,47,1,0
9,0,38,4705,84,11,28,1,0
8,0,38,6108,96,16,15,1,0
11,1,38,2428,55,17,20,0,0
27,0,38,15330,226,63,35,1,0
6,0,38,3285,28,492,11,1,0
11,0,37,15675,183,159,33,1,0
5,0,37,6690,87,195,29,1,0
2,0,37,1065,15,9,14,0,0
4,0,38,900,15,22,11,0,0
2,0,37,190,1,9,3,0,1
5,0,37,7698,128,393,46,1,0
9,0,37,11655,155,20,50,1,0
10,0,37,6908,76,117,40,1,0
25,1,33,1145,48,25,20,0,1
23,0,36,10625,94,10,45,1,0
15,0,36,6008,99,35,27,1,1
3,0,34,3030,23,9,17,1,0
11,1,35,3180,42,18,19,0,1
11,1,36,2458,45,43,34,0,1
2,0,36,323,3,9,5,0,1
3,0,36,1858,26,9,9,1,0
5,0,33,6975,98,23,25,1,0
2,0,36,818,8,18,7,0,1
2,0,36,528,5,13,5,1,0
27,0,31,16265,239,9,83,1,0
8,0,34,7155,117,280,36,1,0
4,0,36,3908,83,11,31,1,0
5,0,35,1855,45,47,23,0,0
8,0,36,2970,54,184,26,1,0
6,1,27,1505,37,202,14,1,1
6,0,26,1758,40,39,71,1,0
13,0,27,890,26,19,10,0,0
2,0,26,1015,11,30,6,0,0
12,0,25,1415,33,28,16,1,0
4,0,25,3415,62,17,26,1,0
4,0,18,1885,27,37,17,1,0
18,0,17,6582,142,94,45,1,0
14,0,15,9122,172,82,43,1,0
10,0,16,3042,46,40,22,1,0
4,0,9,4580,41,224,13,1,0
5,0,9,1677,20,9,10,1,1
6,0,38,4180,70,0,14,1,0
0,0,39,128,4,0,1,0,0
8,0,37,2263,59,350,21,1,0
8,0,38,4008,65,0,32,1,0
1,0,38,2203,57,0,30,1,0
9,0,38,3585,81,23,25,1,0
2,0,38,2170,38,276,15,1,0
11,0,37,8925,120,135,40,1,0
5,0,38,13583,168,0,41,1,0
5,0,38,4325,82,0,22,1,0
4,0,38,5728,94,0,9,1,0
7,0,38,2048,53,0,14,0,0
23,0,38,14950,224,45,29,1,0
2,0,38,2905,26,474,5,1,0
7,0,37,15295,181,141,27,1,0
1,0,37,6310,85,177,23,1,0
0,0,37,685,13,0,8,0,0
0,0,38,520,13,4,5,0,0
0,0,37,0,0,0,0,0,1
1,0,37,7318,126,375,40,1,0
5,0,37,11275,153,2,44,1,0
6,0,37,6528,74,99,34,1,0
21,0,33,765,46,7,14,0,1
19,0,36,10245,92,0,39,1,0
11,0,36,5628,97,17,21,1,1
0,0,34,2650,21,0,11,1,0
7,1,35,2800,40,0,13,0,1
7,0,36,2078,43,25,28,0,1
0,0,36,0,0,0,0,0,1
0,0,36,1478,24,0,3,1,0
1,0,33,6595,96,5,19,1,0
0,0,36,438,6,0,1,0,1
0,0,36,0,0,0,0,1,0
23,0,31,15885,237,0,77,1,0
4,0,34,6775,115,262,30,1,0
0,0,36,3528,81,0,25,1,0
1,0,35,1475,43,29,17,0,0
4,0,36,2590,52,166,20,1,0
2,0,27,1125,35,184,8,1,0
2,0,26,1378,38,21,65,1,0
9,0,27,510,24,1,4,0,0
0,0,26,635,9,12,1,0,0
8,0,25,1035,31,10,10,1,0
0,0,25,3035,60,0,20,1,0
0,0,18,1505,25,19,11,1,0
14,0,17,6202,140,76,39,1,0
10,0,15,8742,170,64,37,1,0
6,0,16,2662,44,22,16,1,0
0,0,9,4200,39,206,7,1,0
1,0,9,1297,18,0,4,1,1
6,0,33,4370,65,0,16,1,0
0,0,34,318,4,0,3,0,0
8,0,32,2453,54,351,23,1,0
8,0,33,4198,60,0,34,1,0
1,0,33,2393,52,0,32,1,0
9,0,33,3775,76,24,27,1,0
2,0,33,2360,33,277,17,1,0
11,0,32,9115,115,136,42,1,0
5,0,33,13773,163,0,43,1,0
5,0,33,4515,77,0,24,1,0
4,0,33,5918,89,0,11,1,0
7,1,33,2238,48,0,16,0,0
23,0,33,15140,219,46,31,1,0
2,0,33,3095,21,475,7,1,0
7,0,32,15485,176,142,29,1,0
1,0,32,6500,80,178,25,1,0
0,0,32,875,8,0,10,0,0
0,0,33,710,8,5,7,0,0
0,0,32,0,0,0,0,0,1
1,0,32,7508,121,376,42,1,0
5,0,32,11465,148,3,46,1,0
6,0,32,6718,69,100,36,1,0
21,1,28,955,41,8,16,0,1
19,0,31,10435,87,0,41,1,0
11,0,31,5818,92,18,23,1,1
0,0,29,2840,16,0,13,1,0
7,1,30,2990,35,1,15,0,1
7,1,31,2268,38,26,30,0,1
0,1,31,0,0,0,0,0,1
0,0,31,1668,19,0,5,1,0
1,0,28,6785,91,6,21,1,0
0,0,31,628,1,1,3,0,1
0,0,31,338,5,0,1,1,0
23,0,26,16075,232,0,79,1,0
4,0,29,6965,110,263,32,1,0
0,0,31,3718,76,0,27,1,0
1,0,30,1665,38,30,19,0,0
4,0,31,2780,47,167,22,1,0
2,0,22,1315,30,185,10,1,0
2,0,21,1568,33,22,67,1,0
9,0,22,700,19,2,6,0,0
0,0,21,825,4,13,2,0,0
8,0,20,1225,26,11,12,1,0
0,0,20,3225,55,0,22,1,0
0,0,13,1695,20,20,13,1,0
14,0,12,6392,135,77,41,1,0
10,0,10,8932,165,65,39,1,0
6,0,11,2852,39,23,18,1,0
0,0,4,4390,34,207,9,1,0
1,0,4,1487,13,0,6,1,1
10,0,43,4370,77,13,18,1,0
2,0,44,318,11,15,5,0,0
12,0,42,2453,66,367,25,1,0
12,0,43,4198,72,9,36,1,0
5,0,43,2393,64,10,34,1,0
13,0,43,3775,88,40,29,1,0
6,0,43,2360,45,293,19,1,0
15,0,42,9115,127,152,44,1,0
9,0,43,13773,175,8,45,1,0
9,0,43,4515,89,10,26,1,0
8,0,43,5918,101,15,13,1,0
11,1,43,2238,60,16,18,0,0
27,0,43,15140,231,62,33,1,0
6,0,43,3095,33,491,9,1,0
11,0,42,15485,188,158,31,1,0
5,0,42,6500,92,194,27,1,0
2,0,42,875,20,8,12,0,0
4,0,43,710,20,21,9,0,0
0,0,42,0,0,8,0,0,1
5,0,42,7508,133,392,44,1,0
9,0,42,11465,160,19,48,1,0
10,0,42,6718,81,116,38,1,0
25,1,38,955,53,24,18,0,1
23,0,41,10435,99,9,43,1,0
15,0,41,5818,104,34,25,1,0
3,0,39,2840,28,8,15,1,0
11,0,40,2990,47,17,17,0,1
11,1,41,2268,50,42,32,0,1
2,0,41,133,8,8,3,0,1
3,0,41,1668,31,8,7,1,0
5,0,38,6785,103,22,23,1,0
2,0,41,628,13,17,5,0,1
2,0,41,338,10,12,3,1,0
27,0,36,16075,244,8,81,1,0
8,0,39,6965,122,279,34,1,0
4,0,41,3718,88,10,29,1,0
5,0,40,1665,50,46,21,0,0
8,0,41,2780,59,183,24,1,0
6,1,32,1315,42,201,12,1,1
6,0,31,1568,45,38,69,1,0
13,0,32,700,31,18,8,0,0
2,0,31,825,16,29,4,0,0
12,0,30,1225,38,27,14,1,0
4,0,30,3225,67,16,24,1,0
4,0,23,1695,32,36,15,1,0
18,0,22,6392,147,93,43,1,0
14,0,20,8932,177,81,41,1,0
10,0,21,2852,51,39,20,1,0
4,0,14,4390,46,223,11,1,0
5,1,14,1487,25,8,8,1,1
14,0,39,5080,82,30,17,1,0
6,0,40,1028,16,15,4,0,0
16,0,38,3163,71,367,24,1,0
16,0,39,4908,77,9,35,1,0
9,0,39,3103,69,10,33,1,0
17,0,39,4485,93,40,28,1,0
10,0,39,3070,50,293,18,1,0
19,0,38,9825,132,152,43,1,0
13,0,39,14483,180,8,44,1,0
13,0,39,5225,94,10,25,1,0
12,0,39,6628,106,15,12,1,0
15,0,39,2948,65,16,17,0,0
31,1,39,15850,236,62,32,1,0
10,0,39,3805,38,491,8,1,0
15,0,38,16195,193,158,30,1,0
9,0,38,7210,97,194,26,1,0
6,0,38,1585,25,8,11,0,0
8,0,39,1420,25,21,8,0,0
6,0,38,710,11,8,2,0,1
9,0,38,8218,138,392,43,1,0
13,0,38,12175,165,19,47,1,0
14,0,38,7428,86,116,37,1,0
29,1,34,1665,58,24,17,0,1
27,0,37,11145,104,9,42,1,0
19,0,37,6528,109,34,24,1,0
7,0,35,3550,33,8,14,1,0
15,1,36,3700,52,17,16,0,1
15,1,37,2978,55,42,31,0,1
6,0,37,843,13,8,2,0,1
7,0,37,2378,36,8,6,1,0
9,0,34,7495,108,22,22,1,0
6,1,37,1338,18,17,4,0,1
6,0,37,1048,15,12,2,1,0
31,1,32,16785,249,8,80,1,0
12,1,35,7675,127,279,33,1,0
8,0,37,4428,93,10,28,1,0
9,0,36,2375,55,46,20,0,0
12,0,37,3490,64,183,23,1,0
10,0,28,2025,47,201,11,1,0
10,0,27,2278,50,38,68,1,0
17,0,28,1410,36,18,7,0,0
6,0,27,1535,21,29,3,0,0
16,0,26,1935,43,27,13,1,0
8,0,26,3935,72,16,23,1,0
8,0,19,2405,37,36,14,1,0
22,0,18,7102,152,93,42,1,0
18,0,16,9642,182,81,40,1,0
14,0,17,3562,56,39,19,1,0
8,0,10,5100,51,223,10,1,0
9,0,10,2197,30,8,7,1,1
2,0,37,3660,60,0,17,1,0
0,0,38,0,0,0,0,0,0
4,0,36,1743,49,334,24,1,0
4,0,37,3488,55,0,35,1,0
0,0,37,1683,47,0,33,1,0
5,0,37,3065,71,7,28,1,0
0,0,37,1650,28,260,18,1,0
7,0,36,8405,110,119,43,1,0
1,0,37,13063,158,0,44,1,0
1,0,37,3805,72,0,25,1,0
0,0,37,5208,84,0,12,1,0
3,0,37,1528,43,0,17,0,0
19,0,37,14430,214,29,32,1,0
0,0,37,2385,16,458,8,1,0
3,0,36,14775,171,125,30,1,0
0,0,36,5790,75,161,26,1,0
0,0,36,165,3,0,11,0,0
0,0,37,0,0,0,0,0,0
0,0,36,0,0,0,0,0,1
0,0,36,6798,116,359,43,1,0
1,0,36,10755,143,0,47,1,0
2,0,36,6008,64,83,37,1,0
17,0,32,245,36,0,17,0,1
15,0,35,9725,82,0,42,1,0
7,0,35,5108,87,1,24,1,1
0,0,33,2130,11,0,14,1,0
3,1,34,2280,30,0,16,0,1
3,0,35,1558,33,9,31,0,1
0,0,35,0,0,0,0,0,1
0,0,35,958,14,0,6,1,0
0,0,32,6075,86,0,22,1,0
0,0,35,0,0,0,0,0,1
0,0,35,0,0,0,0,1,0
19,0,30,15365,227,0,80,1,0
0,0,33,6255,105,246,33,1,0
0,0,35,3008,71,0,28,1,0
0,0,34,955,33,13,20,0,0
0,0,35,2070,42,150,23,1,0
0,0,26,605,25,168,11,1,0
0,0,25,858,28,5,68,1,0
0,0,26,0,0,0,0,0,0
0,0,25,0,0,0,0,0,0
4,0,24,515,21,0,13,1,0
0,0,24,2515,50,0,23,1,0
0,0,17,985,15,3,14,1,0
10,0,16,5682,130,60,42,1,0
6,0,14,8222,160,48,40,1,0
2,0,15,2142,34,6,19,1,0
0,0,8,3680,29,190,10,1,0
0,0,8,777,8,0,7,1,1
8,0,38,4370,71,5,17,1,0
0,0,39,318,5,7,4,0,0
10,0,37,2453,60,359,24,1,0
10,0,38,4198,66,1,35,1,0
3,0,38,2393,58,2,33,1,0
11,0,38,3775,82,32,28,1,0
4,0,38,2360,39,285,18,1,0
13,0,37,9115,121,144,43,1,0
7,0,38,13773,169,0,44,1,0
7,0,38,4515,83,2,25,1,0
6,0,38,5918,95,7,12,1,0
9,1,38,2238,54,8,17,0,0
25,0,38,15140,225,54,32,1,0
4,0,38,3095,27,483,8,1,0
9,0,37,15485,182,150,30,1,0
3,0,37,6500,86,186,26,1,0
0,0,37,875,14,0,11,0,0
2,0,38,710,14,13,8,0,0
0,0,37,0,0,0,0,0,1
3,0,37,7508,127,384,43,1,0
7,0,37,11465,154,11,47,1,0
8,0,37,6718,75,108,37,1,0
23,0,33,955,47,16,17,0,1
21,1,36,10435,93,1,42,1,0
13,0,36,5818,98,26,24,1,1
1,0,34,2840,22,0,14,1,0
9,1,35,2990,41,9,16,0,1
9,0,36,2268,44,34,31,0,1
0,0,36,133,2,0,2,0,1
1,0,36,1668,25,0,6,1,0
3,0,33,6785,97,14,22,1,0
0,0,36,628,7,9,4,0,1
0,0,36,338,4,4,2,1,0
25,0,31,16075,238,0,80,1,0
6,0,34,6965,116,271,33,1,0
2,0,36,3718,82,2,28,1,0
3,0,35,1665,44,38,20,0,0
6,0,36,2780,53,175,23,1,0
4,1,27,1315,36,193,11,1,1
4,0,26,1568,39,30,68,1,0
11,0,27,700,25,10,7,0,0
0,0,26,825,10,21,3,0,0
10,0,25,1225,32,19,13,1,0
2,0,25,3225,61,8,23,1,0
2,0,18,1695,26,28,14,1,0
16,0,17,6392,141,85,42,1,0
12,0,15,8932,171,73,40,1,0
8,0,16,2852,45,31,19,1,0
2,0,9,4390,40,215,10,1,0
3,0,9,1487,19,0,7,1,1
8,0,38,4370,71,5,17,1,0
0,0,39,318,5,7,4,0,0
10,0,37,2453,60,359,24,1,0
10,0,38,4198,66,1,35,1,0
3,0,38,2393,58,2,33,1,0
11,0,38,3775,82,32,28,1,0
4,0,38,2360,39,285,18,1,0
13,0,37,9115,121,144,43,1,0
7,0,38,13773,169,0,44,1,0
7,0,38,4515,83,2,25,1,0
6,0,38,5918,95,7,12,1,0
9,1,38,2238,54,8,17,0,0
25,0,38,15140,225,54,32,1,0
4,0,38,3095,27,483,8,1,0
9,0,37,15485,182,150,30,1,0
3,0,37,6500,86,186,26,1,0
0,0,37,875,14,0,11,0,0
2,0,38,710,14,13,8,0,0
0,0,37,0,0,0,0,0,1
3,0,37,7508,127,384,43,1,0
7,0,37,11465,154,11,47,1,0
8,0,37,6718,75,108,37,1,0
23,1,33,955,47,16,17,0,1
21,0,36,10435,93,1,42,1,0
13,1,36,5818,98,26,24,1,1
1,0,34,2840,22,0,14,1,0
9,0,35,2990,41,9,16,0,1
9,0,36,2268,44,34,31,0,1
0,0,36,133,2,0,2,0,1
1,0,36,1668,25,0,6,1,0
3,0,33,6785,97,14,22,1,0
0,0,36,628,7,9,4,0,1
0,0,36,338,4,4,2,1,0
25,1,31,16075,238,0,80,1,0
6,0,34,6965,116,271,33,1,0
2,0,36,3718,82,2,28,1,0
3,0,35,1665,44,38,20,0,0
6,0,36,2780,53,175,23,1,0
4,0,27,1315,36,193,11,1,0
4,0,26,1568,39,30,68,1,0
11,0,27,700,25,10,7,0,0
0,0,26,825,10,21,3,0,0
10,0,25,1225,32,19,13,1,0
2,0,25,3225,61,8,23,1,0
2,0,18,1695,26,28,14,1,0
16,0,17,6392,141,85,42,1,0
12,0,15,8932,171,73,40,1,0
8,0,16,2852,45,31,19,1,0
2,0,9,4390,40,215,10,1,0
3,1,9,1487,19,0,7,1,1
3,0,36,4065,65,0,15,1,0
0,0,37,0,0,0,0,0,0
5,0,35,2148,54,352,22,1,0
5,0,36,3893,60,0,33,1,0
0,0,36,2088,52,0,31,1,0
6,0,36,3470,76,25,26,1,0
0,0,36,2055,33,278,16,1,0
8,0,35,8810,115,137,41,1,0
2,0,36,13468,163,0,42,1,0
2,0,36,4210,77,0,23,1,0
1,0,36,5613,89,0,10,1,0
4,0,36,1933,48,1,15,0,0
20,0,36,14835,219,47,30,1,0
0,0,36,2790,21,476,6,1,0
4,0,35,15180,176,143,28,1,0
0,0,35,6195,80,179,24,1,0
0,0,35,570,8,0,9,0,0
0,0,36,405,8,6,6,0,0
0,0,35,0,0,0,0,0,1
0,0,35,7203,121,377,41,1,0
2,0,35,11160,148,4,45,1,0
3,0,35,6413,69,101,35,1,0
18,0,31,650,41,9,15,0,1
16,0,34,10130,87,0,40,1,0
8,1,34,5513,92,19,22,1,1
0,0,32,2535,16,0,12,1,0
4,0,33,2685,35,2,14,0,1
4,0,34,1963,38,27,29,0,1
0,1,34,0,0,0,0,0,1
0,0,34,1363,19,0,4,1,0
0,0,31,6480,91,7,20,1,0
0,0,34,323,1,2,2,0,1
0,0,34,0,0,0,0,1,0
20,0,29,15770,232,0,78,1,0
1,0,32,6660,110,264,31,1,0
0,0,34,3413,76,0,26,1,0
0,0,33,1360,38,31,18,0,0
1,0,34,2475,47,168,21,1,0
0,1,25,1010,30,186,9,1,1
0,0,24,1263,33,23,66,1,0
6,0,25,395,19,3,5,0,0
0,0,24,520,4,14,1,0,0
5,0,23,920,26,12,11,1,0
0,0,23,2920,55,1,21,1,0
0,0,16,1390,20,21,12,1,0
11,0,15,6088,135,78,40,1,0
7,0,13,8628,165,66,38,1,0
3,0,14,2548,39,24,17,1,0
0,0,7,4085,34,208,8,1,0
0,1,7,1183,13,0,5,0,1
6,0,38,4125,68,3,17,1,0
0,0,39,73,2,5,4,1,0
8,0,37,2208,57,357,24,1,0
8,0,38,3953,63,0,35,1,0
1,0,38,2148,55,0,33,1,0
9,0,38,3530,79,30,28,1,0
2,0,38,2115,36,283,18,1,0
11,0,37,8870,118,142,43,1,0
5,0,38,13528,166,0,44,1,0
5,0,38,4270,80,0,25,1,0
4,0,38,5673,92,5,12,1,0
7,0,38,1993,51,6,17,1,0
23,0,38,14895,222,52,32,1,0
2,0,38,2850,24,481,8,1,0
7,0,37,15240,179,148,30,1,0
1,0,37,6255,83,184,26,1,0
0,0,37,630,11,0,11,1,0
0,0,38,465,11,11,8,1,0
0,0,37,0,0,0,0,1,1
1,0,37,7263,124,382,43,1,0
5,0,37,11220,151,9,47,1,0
6,0,37,6473,72,106,37,1,0
21,1,33,710,44,14,17,1,1
19,0,36,10190,90,0,42,1,0
11,1,36,5573,95,24,24,1,1
0,0,34,2595,19,0,14,1,0
7,0,35,2745,38,7,16,1,1
7,1,36,2023,41,32,31,1,1
0,0,36,0,0,0,0,1,1
0,0,36,1423,22,0,6,1,0
1,0,33,6540,94,12,22,1,0
0,0,36,383,4,7,4,1,1
0,0,36,93,1,2,2,1,0
23,0,31,15830,235,0,80,1,0
4,0,34,6720,113,269,33,1,0
0,0,36,3473,79,0,28,1,0
1,0,35,1420,41,36,20,1,0
4,0,36,2535,50,173,23,1,0
2,1,27,1070,33,191,11,1,0
2,0,26,1323,36,28,68,1,0
9,0,27,455,22,8,7,1,0
0,0,26,580,7,19,3,1,0
8,0,25,980,29,17,13,1,0
0,0,25,2980,58,6,23,1,0
0,0,18,1450,23,26,14,1,0
14,1,17,6148,138,83,42,1,0
10,0,15,8688,168,71,40,1,0
6,0,16,2608,42,29,19,1,0
0,0,9,4145,37,213,10,1,0
1,1,9,1243,16,0,7,1,1
0,0,34,4005,62,0,13,1,0
0,0,35,0,0,0,0,0,0
2,0,33,2088,51,347,20,1,0
2,0,34,3833,57,0,31,1,0
0,0,34,2028,49,0,29,1,0
3,0,34,3410,73,20,24,1,0
0,0,34,1995,30,273,14,1,0
5,0,33,8750,112,132,39,1,0
0,0,34,13408,160,0,40,1,0
0,0,34,4150,74,0,21,1,0
0,0,34,5553,86,0,8,1,0
1,0,34,1873,45,0,13,0,0
17,0,34,14775,216,42,28,1,0
0,0,34,2730,18,471,4,1,0
1,0,33,15120,173,138,26,1,0
0,0,33,6135,77,174,22,1,0
0,0,33,510,5,0,7,0,0
0,0,34,345,5,1,4,0,0
0,0,33,0,0,0,0,0,1
0,0,33,7143,118,372,39,1,0
0,0,33,11100,145,0,43,1,0
0,0,33,6353,66,96,33,1,0
15,0,29,590,38,4,13,0,1
13,0,32,10070,84,0,38,1,0
5,1,32,5453,89,14,20,1,1
0,0,30,2475,13,0,10,1,0
1,1,31,2625,32,0,12,0,1
1,0,32,1903,35,22,27,0,1
0,1,32,0,0,0,0,0,1
0,0,32,1303,16,0,2,1,0
0,0,29,6420,88,2,18,1,0
0,0,32,263,1,0,1,0,1
0,0,32,0,0,0,0,1,0
17,0,27,15710,229,0,76,1,0
0,0,30,6600,107,259,29,1,0
0,0,32,3353,73,0,24,1,0
0,0,31,1300,35,26,16,0,0
0,0,32,2415,44,163,19,1,0
0,0,23,950,27,181,7,1,0
0,0,22,1203,30,18,64,1,0
3,0,23,335,16,0,3,0,0
0,0,22,0,0,9,0,0,0
2,0,21,860,23,7,9,1,0
0,0,21,2860,52,0,19,1,0
0,0,14,1330,17,16,10,1,0
8,0,13,6028,132,73,38,1,0
4,0,11,8568,162,61,36,1,0
0,0,12,2488,36,19,15,1,0
0,0,5,4025,31,203,6,1,0
0,1,5,1123,10,0,3,0,1
4,0,40,4145,67,8,19,1,0
0,0,41,93,1,10,6,0,0
6,0,39,2228,56,362,26,1,0
6,0,40,3973,62,4,37,1,0
0,0,40,2168,54,5,35,1,0
7,0,40,3550,78,35,30,1,0
0,0,40,2135,35,288,20,1,0
9,0,39,8890,117,147,45,1,0
3,0,40,13548,165,3,46,1,0
3,0,40,4290,79,5,27,1,0
2,0,40,5693,91,10,14,1,0
5,0,40,2013,50,11,19,0,0
21,0,40,14915,221,57,34,1,0
0,0,40,2870,23,486,10,1,0
5,0,39,15260,178,153,32,1,0
0,0,39,6275,82,189,28,1,0
0,0,39,650,10,3,13,0,0
0,0,40,485,10,16,10,0,0
0,0,39,0,0,3,0,0,1
0,0,39,7283,123,387,45,1,0
3,0,39,11240,150,14,49,1,0
4,0,39,6493,71,111,39,1,0
19,0,35,730,43,19,19,0,1
17,0,38,10210,89,4,44,1,0
9,0,38,5593,94,29,26,1,1
0,0,36,2615,18,3,16,1,0
5,1,37,2765,37,12,18,0,1
5,0,38,2043,40,37,33,0,1
0,0,38,0,0,3,0,0,1
0,0,38,1443,21,3,8,1,0
0,0,35,6560,93,17,24,1,0
0,1,38,403,3,12,6,0,1
0,0,38,0,0,7,0,1,0
21,0,33,15850,234,3,82,1,0
2,0,36,6740,112,274,35,1,0
0,0,38,3493,78,5,30,1,0
0,0,37,1440,40,41,22,0,0
2,0,38,2555,49,178,25,1,0
0,0,29,1090,32,196,13,1,0
0,0,28,1343,35,33,70,1,0
7,0,29,475,21,13,9,0,0
0,0,28,600,6,24,5,0,0
6,0,27,1000,28,22,15,1,0
0,0,27,3000,57,11,25,1,0
0,0,20,1470,22,31,16,1,0
12,0,19,6168,137,88,44,1,0
8,0,17,8708,167,76,42,1,0
4,0,18,2628,41,34,21,1,0
0,0,11,4165,36,218,12,1,0
0,1,11,1263,15,3,9,1,1
2,0,32,3985,63,0,11,1,0
0,0,33,0,0,0,0,0,0
4,0,31,2068,52,342,18,1,0
4,0,32,3813,58,0,29,1,0
0,0,32,2008,50,0,27,1,0
5,0,32,3390,74,15,22,1,0
0,0,32,1975,31,268,12,1,0
7,0,31,8730,113,127,37,1,0
1,0,32,13388,161,0,38,1,0
1,0,32,4130,75,0,19,1,0
0,0,32,5533,87,0,6,1,0
3,0,32,1853,46,0,11,0,0
19,0,32,14755,217,37,26,1,0
0,0,32,2710,19,466,2,1,0
3,0,31,15100,174,133,24,1,0
0,0,31,6115,78,169,20,1,0
0,0,31,490,6,0,5,0,0
0,0,32,325,6,0,2,0,0
0,0,31,0,0,0,0,0,1
0,0,31,7123,119,367,37,1,0
1,0,31,11080,146,0,41,1,0
2,0,31,6333,67,91,31,1,0
17,0,27,570,39,0,11,0,1
15,0,30,10050,85,0,36,1,0
7,0,30,5433,90,9,18,1,1
0,0,28,2455,14,0,8,1,0
3,1,29,2605,33,0,10,0,1
3,0,30,1883,36,17,25,0,1
0,0,30,0,0,0,0,0,1
0,0,30,1283,17,0,5,1,0
0,0,27,6400,89,0,16,1,0
0,1,30,0,0,0,0,0,1
0,0,30,0,0,0,0,1,0
19,0,25,15690,230,0,74,1,0
0,0,28,6580,108,254,27,1,0
0,0,30,3333,74,0,22,1,0
0,0,29,1280,36,21,14,0,0
0,0,30,2395,45,158,17,1,0
0,0,21,930,28,176,5,1,0
0,0,20,1183,31,13,62,1,0
5,0,21,315,17,0,1,0,0
0,0,20,0,0,4,0,0,0
4,0,19,840,24,2,7,1,0
0,0,19,2840,53,0,17,1,0
0,0,12,1310,18,11,8,1,0
10,0,11,6008,133,68,36,1,0
6,0,9,8548,163,56,34,1,0
2,0,10,2468,37,14,13,1,0
0,0,3,4005,32,198,4,1,0
0,0,3,1103,11,0,1,1,1
8,0,42,4325,75,13,21,1,0
0,0,43,273,9,15,8,0,0
10,0,41,2408,64,367,28,1,0
10,0,42,4153,70,9,39,1,0
3,0,42,2348,62,10,37,1,0
11,0,42,3730,86,40,32,1,0
4,0,42,2315,43,293,22,1,0
13,0,41,9070,125,152,47,1,0
7,0,42,13728,173,8,48,1,0
7,0,42,4470,87,10,29,1,0
6,0,42,5873,99,15,16,1,0
9,1,42,2193,58,16,21,0,0
25,0,42,15095,229,62,36,1,0
4,0,42,3050,31,491,12,1,0
9,0,41,15440,186,158,34,1,0
3,0,41,6455,90,194,30,1,0
0,0,41,830,18,8,15,0,0
2,0,42,665,18,21,12,0,0
0,0,41,0,0,8,0,0,1
3,0,41,7463,131,392,47,1,0
7,0,41,11420,158,19,51,1,0
8,0,41,6673,79,116,41,1,0
23,1,37,910,51,24,21,0,1
21,1,40,10390,97,9,46,1,0
13,0,40,5773,102,34,28,1,0
1,0,38,2795,26,8,18,1,0
9,1,39,2945,45,17,20,0,1
9,0,40,2223,48,42,35,0,1
0,0,40,88,6,8,6,0,1
1,0,40,1623,29,8,10,1,0
3,0,37,6740,101,22,26,1,0
0,1,40,583,11,17,8,0,1
0,0,40,293,8,12,6,1,0
25,0,35,16030,242,8,84,1,0
6,0,38,6920,120,279,37,1,0
2,0,40,3673,86,10,32,1,0
3,0,39,1620,48,46,24,0,0
6,0,40,2735,57,183,27,1,0
4,0,31,1270,40,201,15,1,0
4,0,30,1523,43,38,72,1,0
11,0,31,655,29,18,11,0,0
0,0,30,780,14,29,7,0,0
10,0,29,1180,36,27,17,1,0
2,0,29,3180,65,16,27,1,0
2,0,22,1650,30,36,18,1,0
16,0,21,6348,145,93,46,1,0
12,0,19,8888,175,81,44,1,0
8,0,20,2808,49,39,23,1,0
2,0,13,4345,44,223,14,1,0
3,0,13,1443,23,8,11,1,1
0,0,30,3805,55,0,9,1,0
0,0,31,0,0,0,0,0,0
0,0,29,1888,44,337,16,1,0
0,0,30,3633,50,0,27,1,0
0,0,30,1828,42,0,25,1,0
1,0,30,3210,66,10,20,1,0
0,0,30,1795,23,263,10,1,0
3,0,29,8550,105,122,35,1,0
0,0,30,13208,153,0,36,1,0
0,0,30,3950,67,0,17,1,0
0,0,30,5353,79,0,4,1,0
0,0,30,1673,38,0,9,0,0
15,0,30,14575,209,32,24,1,0
0,0,30,2530,11,461,7,1,0
0,0,29,14920,166,128,22,1,0
0,0,29,5935,70,164,18,1,0
0,0,29,0,0,0,0,0,0
0,0,30,0,0,0,0,0,0
0,0,29,0,0,0,0,0,1
0,0,29,6943,111,362,35,1,0
0,0,29,10900,138,0,39,1,0
0,0,29,6153,59,86,29,1,0
13,1,25,390,31,0,9,0,1
11,0,28,9870,77,0,34,1,0
3,0,28,5253,82,4,16,1,1
0,0,26,2275,6,0,6,1,0
0,1,27,2425,25,0,8,0,1
0,1,28,1703,28,12,23,0,1
0,0,28,0,0,0,0,0,1
0,0,28,0,0,0,0,1,0
0,0,25,6220,81,0,14,1,0
0,0,28,0,0,0,0,0,1
0,1,28,0,0,0,0,1,1
15,0,23,15510,222,0,72,1,0
0,0,26,6400,100,249,25,1,0
0,0,28,3153,66,0,20,1,0
0,0,27,1100,28,16,12,0,0
0,0,28,2215,37,153,15,1,0
0,0,19,750,20,171,3,1,0
0,0,18,1003,23,8,60,1,0
0,0,19,0,0,0,0,0,0
0,0,18,0,0,0,0,0,0
0,0,17,660,16,0,5,1,0
0,0,17,2660,45,0,15,1,0
0,0,10,1130,10,6,6,1,0
6,0,9,5828,125,63,34,1,0
2,0,7,8368,155,51,32,1,0
0,0,8,2288,29,9,11,1,0
0,0,3,3825,24,193,2,1,0
0,0,3,0,0,0,0,1,1
5,0,39,4245,73,9,20,1,0
0,0,40,193,7,11,7,0,0
7,0,38,2328,62,363,27,1,0
7,0,39,4073,68,5,38,1,0
0,0,39,2268,60,6,36,1,0
8,0,39,3650,84,36,31,1,0
1,0,39,2235,41,289,21,1,0
10,0,38,8990,123,148,46,1,0
4,0,39,13648,171,4,47,1,0
4,0,39,4390,85,6,28,1,0
3,0,39,5793,97,11,15,1,0
6,0,39,2113,56,12,20,0,0
22,0,39,15015,227,58,35,1,0
1,0,39,2970,29,487,11,1,0
6,0,38,15360,184,154,33,1,0
0,0,38,6375,88,190,29,1,0
0,0,38,750,16,4,14,0,0
0,0,39,585,16,17,11,0,0
0,0,38,0,0,4,0,0,1
0,0,38,7383,129,388,46,1,0
4,0,38,11340,156,15,50,1,0
5,0,38,6593,77,112,40,1,0
20,1,34,830,49,20,20,0,1
18,0,37,10310,95,5,45,1,0
10,0,37,5693,100,30,27,1,1
0,0,35,2715,24,4,17,1,0
6,1,36,2865,43,13,19,0,1
6,1,37,2143,46,38,34,0,1
0,0,37,8,4,4,5,0,1
0,0,37,1543,27,4,9,1,0
0,0,34,6660,99,18,25,1,0
0,1,37,503,9,13,7,0,1
0,0,37,213,6,8,5,1,0
22,0,32,15950,240,4,83,1,0
3,0,35,6840,118,275,36,1,0
0,0,37,3593,84,6,31,1,0
0,0,36,1540,46,42,23,0,0
3,0,37,2655,55,179,26,1,0
1,0,28,1190,38,197,14,1,0
1,0,27,1443,41,34,71,1,0
8,0,28,575,27,14,10,0,0
0,0,27,700,12,25,6,0,0
7,0,26,1100,34,23,16,1,0
0,0,26,3100,63,12,26,1,0
0,0,19,1570,28,32,17,1,0
13,0,18,6268,143,89,45,1,0
9,0,16,8808,173,77,43,1,0
5,0,17,2728,47,35,22,1,0
0,0,10,4265,42,219,13,1,0
0,1,10,1363,21,4,10,1,1
1,0,33,3885,57,0,10,1,0
0,0,34,0,0,0,0,0,0
3,0,32,1968,46,341,17,1,0
3,0,33,3713,52,0,28,1,0
0,0,33,1908,44,0,26,1,0
4,0,33,3290,68,14,21,1,0
0,0,33,1875,25,267,11,1,0
6,0,32,8630,107,126,36,1,0
0,0,33,13288,155,0,37,1,0
0,0,33,4030,69,0,18,1,0
0,0,33,5433,81,0,5,1,0
2,0,33,1753,40,0,10,0,0
18,0,33,14655,211,36,25,1,0
0,0,33,2610,13,465,1,1,0
2,0,32,15000,168,132,23,1,0
0,0,32,6015,72,168,19,1,0
0,0,32,0,0,0,0,0,0
0,0,33,0,0,0,0,0,0
0,0,32,0,0,0,0,0,1
0,0,32,7023,113,366,36,1,0
0,0,32,10980,140,0,40,1,0
1,0,32,6233,61,90,30,1,0
16,0,28,470,33,0,10,0,1
14,0,31,9950,79,0,35,1,0
6,1,31,5333,84,8,17,1,1
0,0,29,2355,8,0,7,1,0
2,1,30,2505,27,0,9,0,1
2,0,31,1783,30,16,24,0,1
0,0,31,0,0,0,0,0,1
0,0,31,0,0,0,0,1,0
0,0,28,6300,83,0,15,1,0
0,0,31,0,0,0,0,0,1
0,0,31,0,0,0,0,1,0
18,0,26,15590,224,0,73,1,0
0,0,29,6480,102,253,26,1,0
0,0,31,3233,68,0,21,1,0
0,0,30,1180,30,20,13,0,0
0,0,31,2295,39,157,16,1,0
0,0,22,830,22,175,4,1,0
0,0,21,1083,25,12,61,1,0
4,0,22,215,11,0,3,0,0
0,0,21,0,0,3,0,0,0
3,0,20,740,18,1,6,1,0
0,0,20,2740,47,0,16,1,0
0,0,13,1210,12,10,7,1,0
9,0,12,5908,127,67,35,1,0
5,0,10,8448,157,55,33,1,0
1,0,11,2368,31,13,12,1,0
0,0,4,3905,26,197,3,1,0
0,0,4,1003,5,0,4,1,1
7,0,36,4665,75,19,30,1,0
0,0,37,613,9,21,17,0,0
9,0,35,2748,64,373,37,1,0
9,0,36,4493,70,15,48,1,0
2,0,36,2688,62,16,46,1,0
10,0,36,4070,86,46,41,1,0
3,0,36,2655,43,299,31,1,0
12,0,35,9410,125,158,56,1,0
6,0,36,14068,173,14,57,1,0
6,0,36,4810,87,16,38,1,0
5,0,36,6213,99,21,25,1,0
8,0,36,2533,58,22,30,0,0
24,0,36,15435,229,68,45,1,0
3,0,36,3390,31,497,21,1,0
8,0,35,15780,186,164,43,1,0
2,0,35,6795,90,200,39,1,0
0,0,35,1170,18,14,24,0,0
1,0,36,1005,18,27,21,0,0
0,1,35,295,4,14,13,0,1
2,0,35,7803,131,398,56,1,0
6,0,35,11760,158,25,60,1,0
7,0,35,7013,79,122,50,1,0
22,0,31,1250,51,30,30,0,1
20,0,34,10730,97,15,55,1,0
12,0,34,6113,102,40,37,1,0
0,0,32,3135,26,14,27,1,0
8,0,33,3285,45,23,29,0,1
8,1,34,2563,48,48,44,0,1
0,0,34,428,6,14,15,0,1
0,0,34,1963,29,14,19,1,0
2,0,31,7080,101,28,35,1,0
0,0,34,923,11,23,17,0,1
0,0,34,633,8,18,15,1,0
24,0,29,16370,242,14,93,1,0
5,0,32,7260,120,285,46,1,0
1,0,34,4013,86,16,41,1,0
2,1,33,1960,48,52,33,0,1
5,0,34,3075,57,189,36,1,0
3,0,25,1610,40,207,24,1,0
3,0,24,1863,43,44,81,1,0
10,0,25,995,29,24,20,0,0
0,0,24,1120,14,35,16,0,0
9,0,23,1520,36,33,26,1,0
1,0,23,3520,65,22,36,1,0
1,0,16,1990,30,42,27,1,0
15,0,15,6688,145,99,55,1,0
11,0,13,9228,175,87,53,1,0
7,0,14,3148,49,45,32,1,0
1,0,7,4685,44,229,23,1,0
2,1,7,1783,23,14,20,1,1
0,0,36,3465,55,0,10,1,0
0,0,37,0,0,0,0,0,0
1,0,35,1548,44,331,7,1,0
1,0,36,3293,50,0,18,1,0
0,0,36,1488,42,0,16,1,0
2,0,36,2870,66,4,11,1,0
0,0,36,1455,23,257,1,1,0
4,0,35,8210,105,116,26,1,0
0,0,36,12868,153,0,27,1,0
0,0,36,3610,67,0,8,1,0
0,0,36,5013,79,0,13,1,0
0,0,36,1333,38,0,4,0,0
16,0,36,14235,209,26,15,1,0
0,0,36,2190,11,455,5,1,0
0,0,35,14580,166,122,13,1,0
0,0,35,5595,70,158,9,1,0
0,0,35,0,0,0,0,0,0
0,0,36,0,0,0,0,0,0
0,0,35,0,0,0,0,0,1
0,0,35,6603,111,356,26,1,0
0,0,35,10560,138,0,30,1,0
0,0,35,5813,59,80,20,1,0
7,0,31,50,2,0,1,0,1
12,0,34,9530,77,0,25,1,0
4,0,34,4913,82,0,7,1,1
0,0,32,1935,6,0,2,1,0
0,0,33,2085,25,0,9,0,1
0,1,34,1363,28,6,14,0,1
0,0,34,0,0,0,0,0,1
0,0,34,0,0,0,0,1,0
0,0,31,5880,81,0,5,1,0
0,1,34,0,0,0,0,0,1
0,0,34,0,0,0,0,1,0
16,0,29,15170,222,0,63,1,0
0,0,32,6060,100,243,16,1,0
0,0,34,2813,66,0,11,1,0
0,0,33,760,28,10,3,0,0
0,0,34,1875,37,147,6,1,0
0,0,25,1903,20,165,8,1,0
0,0,24,663,23,2,51,1,0
0,0,25,0,0,0,0,0,0
0,0,24,0,0,0,0,0,0
0,0,23,0,0,0,0,1,0
0,0,23,2320,45,0,6,1,0
0,0,16,0,0,0,0,1,0
7,0,15,5488,125,57,25,1,0
3,0,13,8028,155,45,23,1,0
0,0,14,1948,29,3,2,1,0
0,0,7,3485,24,187,21,1,0
0,0,7,0,0,0,0,1,1
3,0,37,4180,71,30,19,1,0
0,0,38,128,5,32,6,0,0
5,0,36,2263,60,384,26,1,0
5,0,37,4008,66,26,37,1,0
0,0,37,2203,58,27,35,1,0
6,0,37,3585,82,57,30,1,0
0,0,37,2170,39,310,20,1,0
8,0,36,8925,121,169,45,1,0
2,0,37,13583,169,25,46,1,0
2,0,37,4325,83,27,27,1,0
1,0,37,5728,95,32,14,1,0
4,0,37,2048,54,33,19,0,0
20,0,37,14950,225,79,34,1,0
0,0,37,2905,27,508,10,1,0
4,0,36,15295,182,175,32,1,0
0,0,36,6310,86,211,28,1,0
0,0,36,685,14,25,13,0,0
0,0,37,520,14,38,10,0,0
0,0,36,0,0,25,0,0,1
0,0,36,7318,127,409,45,1,0
2,0,36,11275,154,36,49,1,0
3,0,36,6528,75,133,39,1,0
18,0,32,765,47,41,19,0,1
16,0,35,10245,93,26,44,1,0
8,1,35,5628,98,51,26,1,1
0,0,33,2650,22,25,16,1,0
4,1,34,2800,41,34,18,0,1
4,0,35,2078,44,59,33,0,1
0,0,35,0,0,25,0,0,1
0,0,35,1478,25,25,8,1,0
0,0,32,6595,97,39,24,1,0
0,0,35,438,7,34,6,0,1
0,0,35,148,4,29,4,1,0
20,0,30,15885,238,25,82,1,0
1,0,33,6775,116,296,35,1,0
0,0,35,3528,82,27,30,1,0
0,0,34,1475,44,63,22,0,0
1,0,35,2590,53,200,25,1,0
0,0,26,1125,36,218,13,1,0
0,0,25,1378,39,55,70,1,0
6,0,26,510,25,35,9,0,0
0,0,25,635,10,46,5,0,0
5,0,24,1035,32,44,15,1,0
0,0,24,3035,61,33,25,1,0
0,0,17,1505,26,53,16,1,0
11,0,16,6203,141,110,44,1,0
7,0,14,8743,171,98,42,1,0
3,0,15,2663,45,56,21,1,0
0,0,8,4200,40,240,12,1,0
0,1,8,1298,19,25,9,1,1
3,0,35,3950,59,0,11,1,0
0,0,36,0,0,0,0,0,0
5,0,34,2033,48,320,18,1,0
5,0,35,3778,54,0,29,1,0
0,0,35,1973,46,0,27,1,0
6,0,35,3355,70,0,22,1,0
0,0,35,1940,27,246,12,1,0
8,0,34,8695,109,105,37,1,0
2,0,35,13353,157,0,38,1,0
2,0,35,4095,71,0,19,1,0
1,0,35,5498,83,0,6,1,0
4,0,35,1818,42,0,11,0,0
20,0,35,14720,213,15,26,1,0
0,0,35,2675,15,444,2,1,0
4,0,34,15065,170,111,24,1,0
0,0,34,6080,74,147,20,1,0
0,0,34,455,2,0,5,0,0
0,0,35,290,2,0,2,0,0
0,0,34,0,0,0,0,0,1
0,0,34,7088,115,345,37,1,0
2,0,34,11045,142,0,41,1,0
3,0,34,6298,63,69,31,1,0
18,0,30,535,35,0,11,0,1
16,0,33,10015,81,0,36,1,0
8,0,33,5398,86,0,18,1,1
0,0,31,2420,10,0,8,1,0
4,1,32,2570,29,0,10,0,1
4,0,33,1848,32,0,25,0,1
0,0,33,0,0,0,0,0,1
0,0,33,1248,13,0,3,1,0
0,0,30,6365,85,0,16,1,0
0,0,33,0,0,0,0,0,1
0,0,33,0,0,0,0,1,0
20,0,28,15655,226,0,74,1,0
1,0,31,6545,104,232,27,1,0
0,0,33,3298,70,0,22,1,0
0,0,32,1245,32,0,14,0,0
1,0,33,2360,41,136,17,1,0
0,0,24,895,24,154,5,1,0
0,0,23,1148,27,0,62,1,0
6,0,24,280,13,0,1,0,0
0,0,23,0,0,0,0,0,0
5,0,22,805,20,0,7,1,0
0,0,22,2805,49,0,17,1,0
0,0,15,1275,14,0,8,1,0
11,0,14,5973,129,46,36,1,0
7,0,12,8513,159,34,34,1,0
3,0,13,2433,33,0,13,1,0
0,0,6,3970,28,176,4,1,0
0,1,6,1068,7,0,1,1,1
5,0,36,4255,66,7,18,1,0
0,0,37,0,0,9,0,0,0
7,0,35,2338,55,361,25,1,0
7,0,36,4083,61,3,36,1,0
0,0,36,2278,53,4,34,1,0
8,0,36,3660,77,34,29,1,0
1,0,36,2245,34,287,19,1,0
10,0,35,9000,116,146,44,1,0
4,0,36,13658,164,2,45,1,0
4,0,36,4400,78,4,26,1,0
3,0,36,5803,90,9,13,1,0
6,1,36,2123,49,10,18,0,0
22,0,36,15025,220,56,33,1,0
1,0,36,2980,22,485,9,1,0
6,0,35,15370,177,152,31,1,0
0,0,35,6385,81,188,27,1,0
0,0,35,760,9,2,12,0,0
0,0,36,595,9,15,9,0,0
0,0,35,0,0,2,0,0,1
0,0,35,7393,122,386,44,1,0
4,0,35,11350,149,13,48,1,0
5,0,35,6603,70,110,38,1,0
20,0,31,840,42,18,18,0,1
18,0,34,10320,88,3,43,1,0
10,0,34,5703,93,28,25,1,1
0,0,32,2725,17,2,15,1,0
6,0,33,2875,36,11,17,0,1
6,1,34,2153,39,36,32,0,1
0,0,34,0,0,2,0,0,1
0,0,34,1553,20,2,7,1,0
0,0,31,6670,92,16,23,1,0
0,0,34,513,2,11,5,0,1
0,0,34,0,0,6,0,1,0
22,0,29,15960,233,2,81,1,0
3,0,32,6850,111,273,34,1,0
0,0,34,3603,77,4,29,1,0
0,0,33,1550,39,40,21,0,0
3,0,34,2665,48,177,24,1,0
1,0,25,1200,31,195,12,1,0
1,0,24,1453,34,32,69,1,0
8,0,25,585,20,12,8,0,0
0,0,24,710,5,23,4,0,0
7,0,23,1110,27,21,14,1,0
0,0,23,3110,56,10,24,1,0
0,0,16,1580,21,30,15,1,0
13,0,15,6277,136,87,43,1,0
9,0,13,8817,166,75,41,1,0
5,0,14,2737,40,33,20,1,0
0,0,7,4275,35,217,11,1,0
0,1,7,1372,14,2,8,1,1
1,0,36,3875,64,0,12,1,0
0,0,37,0,0,0,0,0,0
3,0,35,1958,53,343,19,1,0
3,0,36,3703,59,0,30,1,0
0,0,36,1898,51,0,28,1,0
4,0,36,3280,75,16,23,1,0
0,0,36,1865,32,269,13,1,0
6,0,35,8620,114,128,38,1,0
0,0,36,13278,162,0,39,1,0
0,0,36,4020,76,0,20,1,0
0,0,36,5423,88,0,7,1,0
2,0,36,1743,47,0,12,0,0
18,0,36,14645,218,38,27,1,0
0,0,36,2600,20,467,3,1,0
2,0,35,14990,175,134,25,1,0
0,0,35,6005,79,170,21,1,0
0,0,35,380,7,0,6,0,0
0,0,36,215,7,0,3,0,0
0,0,35,0,0,0,0,0,1
0,0,35,7013,120,368,38,1,0
0,0,35,10970,147,0,42,1,0
1,0,35,6223,68,92,32,1,0
16,1,31,460,40,0,12,0,1
14,0,34,9940,86,0,37,1,0
6,0,34,5323,91,10,19,1,1
0,0,32,2345,15,0,9,1,0
2,1,33,2495,34,0,11,0,1
2,0,34,1773,37,18,26,0,1
0,0,34,0,0,0,0,0,1
0,0,34,1173,18,0,1,1,0
0,0,31,6290,90,0,17,1,0
0,0,34,0,0,0,0,0,1
0,0,34,0,0,0,0,1,0
18,0,29,15580,231,0,75,1,0
0,0,32,6470,109,255,28,1,0
0,0,34,3223,75,0,23,1,0
0,0,33,1170,37,22,15,0,0
0,0,34,2285,46,159,18,1,0
0,0,25,820,29,177,6,1,0
0,0,24,1073,32,14,63,1,0
4,0,25,205,18,0,2,0,0
0,0,24,0,0,5,0,0,0
3,0,23,730,25,3,8,1,0
0,0,23,2730,54,0,18,1,0
0,0,16,1200,19,12,9,1,0
9,0,15,5897,134,69,37,1,0
5,0,13,8437,164,57,35,1,0
1,0,14,2357,38,15,14,1,0
0,0,7,3895,33,199,5,1,0
0,0,7,992,12,0,2,1,1
1,0,31,4065,59,0,14,1,0
0,0,32,0,0,0,0,0,0
3,0,30,2148,48,344,21,1,0
3,0,31,3893,54,0,32,1,0
0,0,31,2088,46,0,30,1,0
4,0,31,3470,70,17,25,1,0
0,0,31,2055,27,270,15,1,0
6,0,30,8810,109,129,40,1,0
0,0,31,13468,157,0,41,1,0
0,0,31,4210,71,0,22,1,0
0,0,31,5613,83,0,9,1,0
2,0,31,1933,42,0,14,0,0
18,0,31,14835,213,39,29,1,0
0,0,31,2790,15,468,5,1,0
2,0,30,15180,170,135,27,1,0
0,0,30,6195,74,171,23,1,0
0,0,30,570,2,0,8,0,0
0,0,31,405,2,0,5,0,0
0,0,30,0,0,0,0,0,1
0,0,30,7203,115,369,40,1,0
0,0,30,11160,142,0,44,1,0
1,0,30,6413,63,93,34,1,0
16,0,26,650,35,1,14,0,1
14,0,29,10130,81,0,39,1,0
6,0,29,5513,86,11,21,1,1
0,0,27,2535,10,0,11,1,0
2,0,28,2685,29,0,13,0,1
2,0,29,1963,32,19,28,0,1
0,0,29,0,0,0,0,0,1
0,0,29,1363,13,0,3,1,0
0,0,26,6480,85,0,19,1,0
0,0,29,0,0,0,0,0,1
0,0,29,0,0,0,0,1,0
18,0,24,15770,226,0,77,1,0
0,0,27,6660,104,256,30,1,0
0,0,29,3413,70,0,25,1,0
0,0,28,1360,32,23,17,0,0
0,0,29,2475,41,160,20,1,0
0,0,20,1010,24,178,8,1,0
0,0,19,1263,27,15,65,1,0
4,0,20,395,13,0,4,0,0
0,0,19,520,4,6,2,0,0
3,0,18,920,20,4,10,1,0
0,0,18,2920,49,0,20,1,0
0,0,11,1390,14,13,11,1,0
9,0,10,6087,129,70,39,1,0
5,0,8,8627,159,58,37,1,0
1,0,9,2547,33,16,16,1,0
0,0,3,4085,28,200,7,1,0
0,0,3,1182,7,0,4,1,1
5,0,41,4065,71,6,16,1,0
0,0,42,13,5,8,3,0,0
7,0,40,2148,60,360,23,1,0
7,0,41,3893,66,2,34,1,0
0,0,41,2088,58,3,32,1,0
8,0,41,3470,82,33,27,1,0
1,0,41,2055,39,286,17,1,0
10,0,40,8810,121,145,42,1,0
4,0,41,13468,169,1,43,1,0
4,0,41,4210,83,3,24,1,0
3,0,41,5613,95,8,11,1,0
6,0,41,1933,54,9,16,0,0
22,0,41,14835,225,55,31,1,0
1,0,41,2790,27,484,7,1,0
6,0,40,15180,182,151,29,1,0
0,0,40,6195,86,187,25,1,0
0,0,40,570,14,1,10,0,0
0,0,41,405,14,14,7,0,0
0,0,40,0,0,1,0,0,1
0,0,40,7203,127,385,42,1,0
4,0,40,11160,154,12,46,1,0
5,0,40,6413,75,109,36,1,0
20,0,36,650,47,17,16,0,1
18,0,39,10130,93,2,41,1,0
10,0,39,5513,98,27,23,1,1
0,0,37,2535,22,1,13,1,0
6,1,38,2685,41,10,15,0,1
6,0,39,1963,44,35,30,0,1
0,0,39,0,0,1,0,0,1
0,0,39,1363,25,1,5,1,0
0,0,36,6480,97,15,21,1,0
0,0,39,323,7,10,3,0,1
0,0,39,33,4,5,1,1,0
22,0,34,15770,238,1,79,1,0
3,0,37,6660,116,272,32,1,0
0,0,39,3413,82,3,27,1,0
0,0,38,1360,44,39,19,0,0
3,0,39,2475,53,176,22,1,0
1,0,30,1010,36,194,10,1,0
1,0,29,1263,39,31,67,1,0
8,0,30,395,25,11,6,0,0
0,0,29,520,10,22,2,0,0
7,0,28,920,32,20,12,1,0
0,0,28,2920,61,9,22,1,0
0,0,21,1390,26,29,13,1,0
13,0,20,6087,141,86,41,1,0
9,0,18,8627,171,74,39,1,0
5,0,19,2547,45,32,18,1,0
0,0,12,4085,40,216,9,1,0
0,0,12,1182,19,1,6,1,1
9,0,37,4775,76,23,15,1,0
1,0,38,723,10,8,2,0,0
11,0,36,2858,65,360,22,1,0
11,0,37,4603,71,2,33,1,0
4,0,37,2798,63,3,31,1,0
12,0,37,4180,87,33,26,1,0
5,0,37,2765,44,286,16,1,0
14,0,36,9520,126,145,41,1,0
8,0,37,14178,174,1,42,1,0
8,0,37,4920,88,3,23,1,0
7,0,37,6323,100,8,10,1,0
10,0,37,2643,59,9,15,0,0
26,1,37,15545,230,55,30,1,0
5,0,37,3500,32,484,6,1,0
10,0,36,15890,187,151,28,1,0
4,0,36,6905,91,187,24,1,0
1,0,36,1280,19,1,9,0,0
3,0,37,1115,19,14,6,0,0
0,0,36,0,0,1,0,0,1
4,0,36,7913,132,385,41,1,0
8,0,36,11870,159,12,45,1,0
9,0,36,7123,80,109,35,1,0
24,0,32,1360,52,17,15,0,1
22,0,35,10840,98,2,40,1,0
14,0,35,6223,103,27,22,1,0
2,0,33,3245,27,1,12,1,0
10,0,34,3395,46,10,14,0,1
10,1,35,2673,49,35,29,0,1
1,0,35,538,7,1,1,0,1
2,0,35,2073,30,1,4,1,0
4,0,32,7190,102,15,20,1,0
1,0,35,1033,12,10,2,0,1
1,0,35,743,9,5,1,1,0
26,0,30,16480,243,1,78,1,0
7,0,33,7370,121,272,31,1,0
3,0,35,4123,87,3,26,1,0
4,0,34,2070,49,39,18,0,0
7,0,35,3185,58,176,21,1,0
5,0,26,1720,41,194,9,1,0
5,0,25,1973,44,31,66,1,0
12,0,26,1105,30,11,5,0,0
1,0,25,1230,15,22,1,0,0
11,0,24,1630,37,20,11,1,0
3,0,24,3630,66,9,21,1,0
3,0,17,2100,31,29,12,1,0
17,0,16,6797,146,86,40,1,0
13,0,14,9337,176,74,38,1,0
9,0,15,3257,50,32,17,1,0
3,0,8,4795,45,216,8,1,0
4,0,8,1892,24,1,5,1,1
0,0,35,3355,54,0,15,1,0
0,0,36,0,0,0,0,0,0
0,0,34,1438,43,327,22,1,0
0,0,35,3183,49,0,33,1,0
0,0,35,1378,41,0,31,1,0
0,0,35,2760,65,0,26,1,0
0,0,35,1345,22,253,16,1,0
2,0,34,8100,104,112,41,1,0
0,0,35,12758,152,0,42,1,0
0,0,35,3500,66,0,23,1,0
0,0,35,4903,78,0,10,1,0
0,0,35,1223,37,0,15,0,0
14,0,35,14125,208,22,30,1,0
0,0,35,2080,10,451,6,1,0
0,0,34,14470,165,118,28,1,0
0,0,34,5485,69,154,24,1,0
0,0,34,0,0,0,0,0,0
0,0,35,0,0,0,0,0,0
0,0,34,0,0,0,0,0,1
0,0,34,6493,110,352,41,1,0
0,0,34,10450,137,0,45,1,0
0,0,34,5703,58,76,35,1,0
0,1,30,0,0,0,0,0,1
10,0,33,9420,76,0,40,1,0
2,1,33,4803,81,0,22,1,1
0,0,31,1825,5,0,12,1,0
0,0,32,1975,24,0,14,0,1
0,0,33,1253,27,2,29,0,1
0,1,33,0,0,0,0,0,1
0,0,33,653,8,0,4,1,0
0,0,30,5770,80,0,20,1,0
0,0,33,0,0,0,0,0,1
0,0,33,0,0,0,0,1,0
14,0,28,15060,221,0,78,1,0
0,0,31,5950,99,239,31,1,0
0,0,33,2703,65,0,26,1,0
0,0,32,650,27,6,18,0,0
0,0,33,1765,36,143,21,1,0
0,0,24,300,19,161,9,1,0
0,0,23,553,22,0,66,1,0
0,0,24,0,0,0,0,0,0
0,0,23,0,0,0,0,0,0
0,0,22,210,15,0,11,1,0
0,0,22,2210,44,0,21,1,0
0,0,15,680,9,0,12,1,0
5,0,14,5377,124,53,40,1,0
1,0,12,7917,154,41,38,1,0
0,0,13,1837,28,0,17,1,0
0,0,6,3375,23,183,8,1,0
0,0,6,472,2,0,5,1,1
3,0,36,4065,65,0,15,1,0
0,0,37,0,0,0,0,0,0
5,0,35,2148,54,352,22,1,0
5,0,36,3893,60,0,33,1,0
0,0,36,2088,52,0,31,1,0
6,0,36,3470,76,25,26,1,0
0,0,36,2055,33,278,16,1,0
8,0,35,8810,115,137,41,1,0
2,0,36,13468,163,0,42,1,0
2,0,36,4210,77,0,23,1,0
1,0,36,5613,89,0,10,1,0
4,0,36,1933,48,1,15,0,0
20,0,36,14835,219,47,30,1,0
0,0,36,2790,21,476,6,1,0
4,0,35,15180,176,143,28,1,0
0,0,35,6195,80,179,24,1,0
0,0,35,570,8,0,9,0,0
0,0,36,405,8,6,6,0,0
0,1,35,0,0,0,0,0,1
0,0,35,7203,121,377,41,1,0
2,0,35,11160,148,4,45,1,0
3,0,35,6413,69,101,35,1,0
18,0,31,650,41,9,15,0,1
16,0,34,10130,87,0,40,1,0
8,0,34,5513,92,19,22,1,1
0,0,32,2535,16,0,12,1,0
4,0,33,2685,35,2,14,0,1
4,1,34,1963,38,27,29,0,1
0,0,34,0,0,0,0,0,1
0,0,34,1363,19,0,4,1,0
0,0,31,6480,91,7,20,1,0
0,1,34,323,1,2,2,0,1
0,0,34,0,0,0,0,1,0
20,0,29,15770,232,0,78,1,0
1,0,32,6660,110,264,31,1,0
0,0,34,3413,76,0,26,1,0
0,0,33,1360,38,31,18,0,0
1,0,34,2475,47,168,21,1,0
0,0,25,1010,30,186,9,1,0
0,0,24,1263,33,23,66,1,0
6,0,25,395,19,3,5,0,0
0,0,24,520,4,14,1,0,0
5,0,23,920,26,12,11,1,0
0,0,23,2920,55,1,21,1,0
0,0,16,1390,20,21,12,1,0
11,0,15,6087,135,78,40,1,0
7,0,13,8627,165,66,38,1,0
3,0,14,2547,39,24,17,1,0
0,0,7,4085,34,208,8,1,0
0,0,7,1182,13,0,5,1,1
3,0,36,4065,65,0,15,1,0
0,0,37,0,0,0,0,0,0
5,0,35,2148,54,352,22,1,0
5,0,36,3893,60,0,33,1,0
0,0,36,2088,52,0,31,1,0
6,0,36,3470,76,25,26,1,0
0,0,36,2055,33,278,16,1,0
8,0,35,8810,115,137,41,1,0
2,0,36,13468,163,0,42,1,0
2,0,36,4210,77,0,23,1,0
1,0,36,5613,89,0,10,1,0
4,0,36,1933,48,1,15,0,0
20,0,36,14835,219,47,30,1,0
0,0,36,2790,21,476,6,1,0
4,0,35,15180,176,143,28,1,0
0,0,35,6195,80,179,24,1,0
0,0,35,570,8,0,9,0,0
0,0,36,405,8,6,6,0,0
0,0,35,0,0,0,0,0,1
0,0,35,7203,121,377,41,1,0
2,0,35,11160,148,4,45,1,0
3,0,35,6413,69,101,35,1,0
18,1,31,650,41,9,15,0,1
16,0,34,10130,87,0,40,1,0
8,0,34,5513,92,19,22,1,1
0,0,32,2535,16,0,12,1,0
4,1,33,2685,35,2,14,0,1
4,0,34,1963,38,27,29,0,1
0,1,34,0,0,0,0,0,1
0,0,34,1363,19,0,4,1,0
0,0,31,6480,91,7,20,1,0
0,0,34,323,1,2,2,0,1
0,0,34,0,0,0,0,1,0
20,0,29,15770,232,0,78,1,0
1,0,32,6660,110,264,31,1,0
0,0,34,3413,76,0,26,1,0
0,0,33,1360,38,31,18,0,0
1,0,34,2475,47,168,21,1,0
0,0,25,1010,30,186,9,1,0
0,0,24,1263,33,23,66,1,0
6,0,25,395,19,3,5,0,0
0,0,24,520,4,14,1,0,0
5,0,23,920,26,12,11,1,0
0,0,23,2920,55,1,21,1,0
0,0,16,1390,20,21,12,1,0
11,0,15,6087,135,78,40,1,0
7,0,13,8627,165,66,38,1,0
3,0,14,2547,39,24,17,1,0
0,0,7,4085,34,208,8,1,0
0,0,7,1182,13,0,5,1,1
13,0,40,4675,77,12,19,1,0
5,0,41,623,11,14,6,0,0
15,0,39,2758,66,366,26,1,0
15,0,40,4503,72,8,37,1,0
8,0,40,2698,64,9,35,1,0
16,0,40,4080,88,39,30,1,0
9,0,40,2665,45,292,20,1,0
18,0,39,9420,127,151,45,1,0
12,0,40,14078,175,7,46,1,0
12,0,40,4820,89,9,27,1,0
11,0,40,6223,101,14,14,1,0
14,1,40,2543,60,15,19,0,0
30,0,40,15445,231,61,34,1,0
9,0,40,3400,33,490,10,1,0
14,0,39,15790,188,157,32,1,0
8,0,39,6805,92,193,28,1,0
5,0,39,1180,20,7,13,0,0
7,0,40,1015,20,20,10,0,0
5,0,39,305,6,7,2,0,1
8,0,39,7813,133,391,45,1,0
12,0,39,11770,160,18,49,1,0
13,0,39,7023,81,115,39,1,0
28,0,35,1260,53,23,19,0,1
26,0,38,10740,99,8,44,1,0
18,0,38,6123,104,33,26,1,0
6,0,36,3145,28,7,16,1,0
14,1,37,3295,47,16,18,0,1
14,1,38,2573,50,41,33,0,1
5,0,38,438,8,7,4,0,1
6,0,38,1973,31,7,8,1,0
8,0,35,7090,103,21,24,1,0
5,0,38,933,13,16,6,0,1
5,0,38,643,10,11,4,1,0
30,0,33,16380,244,7,82,1,0
11,0,36,7270,122,278,35,1,0
7,0,38,4023,88,9,30,1,0
8,0,37,1970,50,45,22,0,0
11,0,38,3085,59,182,25,1,0
9,0,29,1620,42,200,13,1,0
9,0,28,1873,45,37,70,1,0
16,0,29,1005,31,17,9,0,0
5,0,28,1130,16,28,5,0,0
15,0,27,1530,38,26,15,1,0
7,0,27,3530,67,15,25,1,0
7,0,20,2000,32,35,16,1,0
21,0,19,6698,147,92,44,1,0
17,0,17,9238,177,80,42,1,0
13,0,18,3158,51,38,21,1,0
7,0,11,4695,46,222,12,1,0
8,1,11,1793,25,7,9,1,1
16,0,42,4735,80,17,21,1,0
8,0,43,683,14,19,8,1,0
18,0,41,2818,69,371,28,1,0
18,0,42,4563,75,13,39,1,0
11,0,42,2758,67,14,37,1,0
19,0,42,4140,91,44,32,1,0
12,0,42,2725,48,297,22,1,0
21,0,41,9480,130,156,47,1,0
15,0,42,14138,178,12,48,1,0
15,0,42,4880,92,14,29,1,0
14,0,42,6283,104,19,16,1,0
17,0,42,2603,63,20,21,1,0
33,0,42,15505,234,66,36,1,0
12,0,42,3460,36,495,12,1,0
17,0,41,15850,191,162,34,1,0
11,0,41,6865,95,198,30,1,0
8,0,41,1240,23,12,15,1,0
10,0,42,1075,23,25,12,1,0
8,0,41,365,9,12,4,1,1
11,0,41,7873,136,396,47,1,0
15,0,41,11830,163,23,51,1,0
16,0,41,7083,84,120,41,1,0
31,1,37,1320,56,28,21,1,1
29,1,40,10800,102,13,46,1,0
21,0,40,6183,107,38,28,1,0
9,0,38,3205,31,12,18,1,0
17,1,39,3355,50,21,20,1,1
17,0,40,2633,53,46,35,1,1
8,0,40,498,11,12,6,1,1
9,0,40,2033,34,12,10,1,0
11,0,37,7150,106,26,26,1,0
8,1,40,993,16,21,8,1,1
8,0,40,703,13,16,6,1,0
33,0,35,16440,247,12,84,1,0
14,0,38,7330,125,283,37,1,0
10,0,40,4083,91,14,32,1,0
11,0,39,2030,53,50,24,1,0
14,0,40,3145,62,187,27,1,0
12,0,31,1680,45,205,15,1,0
12,0,30,1933,48,42,72,1,0
19,0,31,1065,34,22,11,1,0
8,0,30,1190,19,33,7,1,0
18,0,29,1590,41,31,17,1,0
10,0,29,3590,70,20,27,1,0
10,0,22,2060,35,40,18,1,0
24,0,21,6758,150,97,46,1,0
20,0,19,9298,180,85,44,1,0
16,0,20,3218,54,43,23,1,0
10,0,13,4755,49,227,14,1,0
11,1,13,1853,28,12,11,1,1
10,0,38,4615,74,7,17,1,0
5,0,39,563,8,9,4,0,0
12,0,37,2698,63,361,24,1,0
12,0,38,4443,69,7,35,1,0
5,0,38,2638,61,7,33,1,0
13,0,38,4020,85,34,28,1,0
6,0,38,2605,42,287,18,1,0
15,0,37,9360,124,146,43,1,0
9,0,38,14018,172,7,44,1,0
9,0,38,4760,86,7,25,1,0
8,0,38,6163,98,9,12,1,0
11,0,38,2483,57,10,17,0,0
27,0,38,15385,228,56,32,1,0
6,0,38,3340,30,485,8,1,0
11,0,37,15730,185,152,30,1,0
5,0,37,6745,89,188,26,1,0
5,0,37,1120,17,7,11,0,0
5,0,38,955,17,15,8,0,0
5,0,37,305,6,7,2,0,1
5,0,37,7753,130,386,43,1,0
9,0,37,11710,157,13,47,1,0
10,0,37,6963,78,110,37,1,0
25,1,33,1200,50,18,17,0,1
23,0,36,10680,96,7,42,1,0
15,0,36,6063,101,28,24,1,0
5,0,34,3085,25,7,14,1,0
11,0,35,3235,44,11,16,0,1
11,1,36,2513,47,36,31,0,1
5,0,36,305,6,7,2,0,1
5,0,36,1913,28,7,6,1,0
5,0,33,7030,100,16,22,1,0
5,0,36,873,10,11,4,0,1
5,0,36,305,6,7,2,1,0
27,0,31,16320,241,7,80,1,0
8,0,34,7210,119,273,33,1,0
5,0,36,3963,85,7,28,1,0
5,0,35,1910,47,40,20,0,0
8,0,36,3025,56,177,23,1,0
6,0,27,1560,39,195,11,1,0
6,0,26,1813,42,32,68,1,0
13,0,27,945,28,12,7,0,0
5,0,26,1070,13,23,3,0,0
12,0,25,1470,35,21,13,1,0
5,0,25,3470,64,10,23,1,0
5,0,18,1940,29,30,14,1,0
18,0,17,6638,144,87,42,1,0
14,0,15,9178,174,75,40,1,0
10,0,16,3098,48,33,19,1,0
5,0,9,4635,43,217,10,1,0
5,1,9,1733,22,7,7,1,1
14,0,44,4755,79,22,23,1,0
6,0,45,703,13,24,10,0,0
16,0,43,2838,68,376,30,1,0
16,0,44,4583,74,18,41,1,0
9,0,44,2778,66,19,39,1,0
17,0,44,4160,90,49,34,1,0
10,0,44,2745,47,302,24,1,0
19,0,43,9500,129,161,49,1,0
13,0,44,14158,177,17,50,1,0
13,0,44,4900,91,19,31,1,0
12,0,44,6303,103,24,18,1,0
15,1,44,2623,62,25,23,0,0
31,0,44,15525,233,71,38,1,0
10,0,44,3480,35,500,14,1,0
15,0,43,15870,190,167,36,1,0
9,0,43,6885,94,203,32,1,0
6,0,43,1260,22,17,17,0,0
8,0,44,1095,22,30,14,0,0
6,0,43,385,8,17,6,0,1
9,0,43,7893,135,401,49,1,0
13,0,43,11850,162,28,53,1,0
14,0,43,7103,83,125,43,1,0
29,1,39,1340,55,33,23,0,1
27,0,42,10820,101,18,48,1,0
19,0,42,6203,106,43,30,1,0
7,0,40,3225,30,17,20,1,0
15,1,41,3375,49,26,22,0,1
15,1,42,2653,52,51,37,0,1
6,0,42,518,10,17,8,0,1
7,0,42,2053,33,17,12,1,0
9,0,39,7170,105,31,28,1,0
6,1,42,1013,15,26,10,0,1
6,0,42,723,12,21,8,1,0
31,0,37,16460,246,17,86,1,0
12,0,40,7350,124,288,39,1,0
8,0,42,4103,90,19,34,1,0
9,1,41,2050,52,55,26,0,0
12,0,42,3165,61,192,29,1,0
10,0,33,1700,44,210,17,1,0
10,0,32,1953,47,47,74,1,0
17,0,33,1085,33,27,13,0,0
6,0,32,1210,18,38,9,0,0
16,0,31,1610,40,36,19,1,0
8,0,31,3610,69,25,29,1,0
8,0,24,2080,34,45,20,1,0
22,0,23,6778,149,102,48,1,0
18,0,21,9318,179,90,46,1,0
14,0,22,3238,53,48,25,1,0
8,0,15,4775,48,232,16,1,0
9,1,15,1873,27,17,13,1,1
12,0,36,4595,75,7,15,1,0
5,0,37,305,6,7,2,0,0
14,0,35,2678,64,356,22,1,0
14,0,36,4423,70,7,33,1,0
7,0,36,2618,62,7,31,1,0
15,0,36,4000,86,29,26,1,0
8,0,36,2585,43,282,16,1,0
17,0,35,9340,125,141,41,1,0
11,0,36,13998,173,7,42,1,0
11,0,36,4740,87,7,23,1,0
10,0,36,6143,99,7,10,1,0
13,0,36,2463,58,7,15,0,0
29,0,36,15365,229,51,30,1,0
8,0,36,3320,31,480,6,1,0
13,0,35,15710,186,147,28,1,0
7,0,35,6725,90,183,24,1,0
5,0,35,1100,18,7,9,0,0
6,0,36,935,18,10,6,0,0
5,0,35,305,6,7,2,0,1
7,0,35,7733,131,381,41,1,0
11,0,35,11690,158,8,45,1,0
12,0,35,6943,79,105,35,1,0
27,1,31,1180,51,13,15,0,1
25,0,34,10660,97,7,40,1,0
17,0,34,6043,102,23,22,1,0
5,0,32,3065,26,7,12,1,0
13,1,33,3215,45,7,14,0,1
13,1,34,2493,48,31,29,0,1
5,0,34,305,6,7,2,0,1
5,0,34,1893,29,7,4,1,0
7,0,31,7010,101,11,20,1,0
5,0,34,305,6,7,2,0,1
5,0,34,305,6,7,2,1,0
29,0,29,16300,242,7,78,1,0
10,0,32,7190,120,268,31,1,0
6,0,34,3943,86,7,26,1,0
7,0,33,1890,48,35,18,0,0
10,0,34,3005,57,172,21,1,0
8,0,25,1540,40,190,9,1,0
8,0,24,1793,43,27,66,1,0
15,0,25,925,29,7,5,0,0
5,0,24,305,6,18,2,0,0
14,0,23,1450,36,16,11,1,0
6,0,23,3450,65,7,21,1,0
6,0,16,1920,30,25,12,1,0
20,0,15,6618,145,82,40,1,0
16,0,13,9158,175,70,38,1,0
12,0,14,3078,49,28,17,1,0
6,0,7,4615,44,212,8,1,0
7,1,7,1713,23,7,5,1,1
18,0,46,4935,87,27,25,1,0
10,0,47,883,21,29,12,0,0
20,0,45,3018,76,381,32,1,0
20,0,46,4763,82,23,43,1,0
13,0,46,2958,74,24,41,1,0
21,0,46,4340,98,54,36,1,0
14,0,46,2925,55,307,26,1,0
23,0,45,9680,137,166,51,1,0
17,0,46,14338,185,22,52,1,0
17,0,46,5080,99,24,33,1,0
16,0,46,6483,111,29,20,1,0
19,0,46,2803,70,30,25,0,0
35,0,46,15705,241,76,40,1,0
14,0,46,3660,43,505,16,1,0
19,0,45,16050,198,172,38,1,0
13,0,45,7065,102,208,34,1,0
10,0,45,1440,30,22,19,0,0
12,0,46,1275,30,35,16,0,0
10,0,45,565,16,22,8,0,1
13,0,45,8073,143,406,51,1,0
17,0,45,12030,170,33,55,1,0
18,0,45,7283,91,130,45,1,0
33,1,41,1520,63,38,25,0,1
31,0,44,11000,109,23,50,1,0
23,0,44,6383,114,48,32,1,0
11,0,42,3405,38,22,22,1,0
19,1,43,3555,57,31,24,0,1
19,1,44,2833,60,56,39,0,1
10,0,44,698,18,22,10,0,1
11,0,44,2233,41,22,14,1,0
13,0,41,7350,113,36,30,1,0
10,1,44,1193,23,31,12,0,1
10,0,44,903,20,26,10,1,0
35,0,39,16640,254,22,88,1,0
16,1,42,7530,132,293,41,1,0
12,0,44,4283,98,24,36,1,0
13,0,43,2230,60,60,28,0,0
16,0,44,3345,69,197,31,1,0
14,0,35,1880,52,215,19,1,0
14,0,34,2133,55,52,76,1,0
21,0,35,1265,41,32,15,0,0
10,0,34,1390,26,43,11,0,0
20,0,33,1790,48,41,21,1,0
12,0,33,3790,77,30,31,1,0
12,0,26,2260,42,50,22,1,0
26,0,25,6958,157,107,50,1,0
22,0,23,9498,187,95,48,1,0
18,0,24,3418,61,53,27,1,0
12,0,17,4955,56,237,18,1,0
13,0,17,2053,35,22,15,1,1
8,0,34,4415,67,7,13,1,0
5,0,35,305,6,7,2,0,0
10,0,33,2498,56,351,20,1,0
10,0,34,4243,62,7,31,1,0
5,0,34,2438,54,7,29,1,0
11,0,34,3820,78,24,24,1,0
5,0,34,2405,35,277,14,1,0
13,0,33,9160,117,136,39,1,0
7,0,34,13818,165,7,40,1,0
7,0,34,4560,79,7,21,1,0
6,0,34,5963,91,7,8,1,0
9,0,34,2283,50,7,13,0,0
25,0,34,15185,221,46,28,1,0
5,0,34,3140,23,475,4,1,0
9,0,33,15530,178,142,26,1,0
5,0,33,6545,82,178,22,1,0
5,0,33,920,10,7,7,0,0
5,0,34,755,10,7,4,0,0
5,0,33,305,6,7,2,0,1
5,0,33,7553,123,376,39,1,0
7,0,33,11510,150,7,43,1,0
8,0,33,6763,71,100,33,1,0
23,0,29,1000,43,8,13,0,1
21,0,32,10480,89,7,38,1,0
13,0,32,5863,94,18,20,1,1
5,0,30,2885,18,7,10,1,0
9,0,31,3035,37,7,12,0,1
9,1,32,2313,40,26,27,0,1
5,0,32,305,6,7,2,0,1
5,0,32,305,6,7,2,1,0
5,0,29,6830,93,7,18,1,0
5,0,32,305,6,7,2,0,1
5,0,32,305,6,7,2,1,1
25,0,27,16120,234,7,76,1,0
6,0,30,7010,112,263,29,1,0
5,0,32,3763,78,7,24,1,0
5,0,31,1710,40,30,16,0,0
6,0,32,2825,49,167,19,1,0
5,0,23,1360,32,185,7,1,0
5,0,22,1613,35,22,64,1,0
11,0,23,745,21,7,3,0,0
5,0,22,305,6,13,2,0,0
10,0,21,1270,28,11,9,1,0
5,0,21,3270,57,7,19,1,0
5,0,14,1740,22,20,10,1,0
16,0,13,6438,137,77,38,1,0
12,0,11,8978,167,65,36,1,0
8,0,12,2898,41,23,15,1,0
5,0,5,4435,36,207,6,1,0
5,1,5,1533,15,7,3,1,1
15,0,43,4855,85,23,24,1,0
7,0,44,803,19,25,11,0,0
17,0,42,2938,74,377,31,1,0
17,0,43,4683,80,19,42,1,0
10,0,43,2878,72,20,40,1,0
18,0,43,4260,96,50,35,1,0
11,0,43,2845,53,303,25,1,0
20,0,42,9600,135,162,50,1,0
14,0,43,14258,183,18,51,1,0
14,0,43,5000,97,20,32,1,0
13,0,43,6403,109,25,19,1,0
16,1,43,2723,68,26,24,0,0
32,0,43,15625,239,72,39,1,0
11,0,43,3580,41,501,15,1,0
16,0,42,15970,196,168,37,1,0
10,0,42,6985,100,204,33,1,0
7,0,42,1360,28,18,18,0,0
9,0,43,1195,28,31,15,0,0
7,0,42,485,14,18,7,0,1
10,0,42,7993,141,402,50,1,0
14,0,42,11950,168,29,54,1,0
15,0,42,7203,89,126,44,1,0
30,0,38,1440,61,34,24,0,1
28,0,41,10920,107,19,49,1,0
20,0,41,6303,112,44,31,1,0
8,0,39,3325,36,18,21,1,0
16,1,40,3475,55,27,23,0,1
16,1,41,2753,58,52,38,0,1
7,1,41,618,16,18,9,0,1
8,0,41,2153,39,18,13,1,0
10,0,38,7270,111,32,29,1,0
7,0,41,1113,21,27,11,0,1
7,0,41,823,18,22,9,1,0
32,1,36,16560,252,18,87,1,0
13,0,39,7450,130,289,40,1,0
9,0,41,4203,96,20,35,1,0
10,0,40,2150,58,56,27,0,0
13,0,41,3265,67,193,30,1,0
11,0,32,1800,50,211,18,1,0
11,0,31,2053,53,48,75,1,0
18,0,32,1185,39,28,14,0,0
7,0,31,1310,24,39,10,0,0
17,0,30,1710,46,37,20,1,0
9,0,30,3710,75,26,30,1,0
9,0,23,2180,40,46,21,1,0
23,0,22,6878,155,103,49,1,0
19,0,20,9418,185,91,47,1,0
15,0,21,3338,59,49,26,1,0
9,0,14,4875,54,233,17,1,0
10,0,14,1973,33,18,14,1,1
11,0,37,4495,69,7,14,1,0
5,0,38,305,6,7,2,0,0
13,0,36,2578,58,355,21,1,0
13,0,37,4323,64,7,32,1,0
6,0,37,2518,56,7,30,1,0
14,0,37,3900,80,28,25,1,0
7,0,37,2485,37,281,15,1,0
16,0,36,9240,119,140,40,1,0
10,0,37,13898,167,7,41,1,0
10,0,37,4640,81,7,22,1,0
9,0,37,6043,93,7,9,1,0
12,0,37,2363,52,7,14,0,0
28,0,37,15265,223,50,29,1,0
7,0,37,3220,25,479,5,1,0
12,0,36,15610,180,146,27,1,0
6,0,36,6625,84,182,23,1,0
5,0,36,1000,12,7,8,0,0
5,0,37,835,12,9,5,0,0
5,0,36,305,6,7,2,0,1
6,0,36,7633,125,380,40,1,0
10,0,36,11590,152,7,44,1,0
11,0,36,6843,73,104,34,1,0
26,1,32,1080,45,12,14,0,1
24,0,35,10560,91,7,39,1,0
16,0,35,5943,96,22,21,1,1
5,0,33,2965,20,7,11,1,0
12,1,34,3115,39,7,13,0,1
12,0,35,2393,42,30,28,0,1
5,1,35,305,6,7,2,0,1
5,0,35,1793,23,7,3,1,0
6,0,32,6910,95,10,19,1,0
5,0,35,305,6,7,2,0,1
5,0,35,305,6,7,2,1,0
28,0,30,16200,236,7,77,1,0
9,0,33,7090,114,267,30,1,0
5,0,35,3843,80,7,25,1,0
6,0,34,1790,42,34,17,0,0
9,0,35,2905,51,171,20,1,0
7,0,26,1440,34,189,8,1,0
7,0,25,1693,37,26,65,1,0
14,0,26,825,23,7,4,0,0
5,0,25,305,6,17,2,0,0
13,0,24,1350,30,15,10,1,0
5,0,24,3350,59,7,20,1,0
5,0,17,1820,24,24,11,1,0
19,0,16,6518,139,81,39,1,0
15,0,14,9058,169,69,37,1,0
11,0,15,2978,43,27,16,1,0
5,0,8,4515,38,211,7,1,0
6,1,8,1613,17,7,4,1,1
17,0,40,5275,87,33,34,1,0
9,0,41,1223,21,35,21,0,0
19,0,39,3358,76,387,41,1,0
19,0,40,5103,82,29,52,1,0
12,0,40,3298,74,30,50,1,0
20,0,40,4680,98,60,45,1,0
13,0,40,3265,55,313,35,1,0
22,1,39,10020,137,172,60,1,0
16,0,40,14678,185,28,61,1,0
16,0,40,5420,99,30,42,1,0
15,0,40,6823,111,35,29,1,0
18,0,40,3143,70,36,34,0,0
34,1,40,16045,241,82,49,1,0
13,0,40,4000,43,511,25,1,0
18,0,39,16390,198,178,47,1,0
12,0,39,7405,102,214,43,1,0
9,0,39,1780,30,28,28,0,0
11,0,40,1615,30,41,25,0,0
9,1,39,905,16,28,17,0,1
12,0,39,8413,143,412,60,1,0
16,0,39,12370,170,39,64,1,0
17,0,39,7623,91,136,54,1,0
32,1,35,1860,63,44,34,0,1
30,0,38,11340,109,29,59,1,0
22,0,38,6723,114,54,41,1,0
10,0,36,3745,38,28,31,1,0
18,1,37,3895,57,37,33,0,1
18,0,38,3173,60,62,48,0,1
9,0,38,1038,18,28,19,0,1
10,0,38,2573,41,28,23,1,0
12,0,35,7690,113,42,39,1,0
9,0,38,1533,23,37,21,0,1
9,0,38,1243,20,32,19,1,0
34,0,33,16980,254,28,97,1,0
15,0,36,7870,132,299,50,1,0
11,0,38,4623,98,30,45,1,0
12,1,37,2570,60,66,37,0,1
15,0,38,3685,69,203,40,1,0
13,0,29,2220,52,221,28,1,0
13,0,28,2473,55,58,85,1,0
20,0,29,1605,41,38,24,0,0
9,0,28,1730,26,49,20,0,0
19,0,27,2130,48,47,30,1,0
11,0,27,4130,77,36,40,1,0
11,0,20,2600,42,56,31,1,0
25,0,19,7298,157,113,59,1,0
21,0,17,9838,187,101,57,1,0
17,0,18,3758,61,59,36,1,0
11,0,11,5295,56,243,27,1,0
12,1,11,2393,35,28,24,1,1
9,0,40,4075,67,7,4,1,0
5,0,41,305,6,7,2,0,0
11,0,39,2158,56,345,11,1,0
11,0,40,3903,62,7,22,1,0
5,0,40,2098,54,7,20,1,0
12,0,40,3480,78,18,15,1,0
5,0,40,2065,35,271,5,1,0
14,0,39,8820,117,130,30,1,0
8,0,40,13478,165,7,31,1,0
8,0,40,4220,79,7,12,1,0
7,0,40,5623,91,7,17,1,0
10,0,40,1943,50,7,4,0,0
26,0,40,14845,221,40,19,1,0
5,0,40,2800,23,469,9,1,0
10,0,39,15190,178,136,17,1,0
5,0,39,6205,82,172,13,1,0
5,0,39,580,10,7,2,0,0
5,0,40,415,10,7,2,0,0
5,0,39,305,6,7,2,0,1
5,0,39,7213,123,370,30,1,0
8,0,39,11170,150,7,34,1,0
9,0,39,6423,71,94,24,1,0
24,0,35,660,43,7,4,0,1
22,0,38,10140,89,7,29,1,0
14,0,38,5523,94,12,11,1,1
5,0,36,2545,18,7,6,1,0
10,0,37,2695,37,7,3,0,1
10,0,38,1973,40,20,18,0,1
5,1,38,305,6,7,2,0,1
5,0,38,1373,21,7,2,1,0
5,0,35,6490,93,7,9,1,0
5,0,38,305,6,7,2,0,1
5,0,38,305,6,7,2,1,0
26,0,33,15780,234,7,67,1,0
7,0,36,6670,112,257,20,1,0
5,0,38,3423,78,7,15,1,0
5,0,37,1370,40,24,7,0,0
7,0,38,2485,49,161,10,1,0
5,0,29,1020,32,179,2,1,0
5,0,28,1273,35,16,55,1,0
12,0,29,405,21,7,2,0,0
5,0,28,305,6,7,2,0,0
11,0,27,930,28,7,2,1,0
5,0,27,2930,57,7,10,1,0
5,0,20,1400,22,14,2,1,0
17,0,19,6098,137,71,29,1,0
13,0,17,8638,167,59,27,1,0
9,0,18,2558,41,17,6,1,0
5,0,11,4095,36,201,25,1,0
5,1,11,1193,15,7,2,1,1
13,0,41,4790,83,44,23,1,0
5,0,42,738,17,46,10,0,0
15,0,40,2873,72,398,30,1,0
15,0,41,4618,78,40,41,1,0
8,0,41,2813,70,41,39,1,0
16,0,41,4195,94,71,34,1,0
9,0,41,2780,51,324,24,1,0
18,0,40,9535,133,183,49,1,0
12,0,41,14193,181,39,50,1,0
12,0,41,4935,95,41,31,1,0
11,0,41,6338,107,46,18,1,0
14,1,41,2658,66,47,23,0,0
30,0,41,15560,237,93,38,1,0
9,0,41,3515,39,522,14,1,0
14,0,40,15905,194,189,36,1,0
8,0,40,6920,98,225,32,1,0
5,0,40,1295,26,39,17,0,0
7,0,41,1130,26,52,14,0,0
5,0,40,420,12,39,6,0,1
8,0,40,7928,139,423,49,1,0
12,0,40,11885,166,50,53,1,0
13,0,40,7138,87,147,43,1,0
28,1,36,1375,59,55,23,0,1
26,0,39,10855,105,40,48,1,0
18,0,39,6238,110,65,30,1,0
6,0,37,3260,34,39,20,1,0
14,0,38,3410,53,48,22,0,1
14,1,39,2688,56,73,37,0,1
5,0,39,553,14,39,8,0,1
6,0,39,2088,37,39,12,1,0
8,0,36,7205,109,53,28,1,0
5,0,39,1048,19,48,10,0,1
5,0,39,758,16,43,8,1,0
30,0,34,16495,250,39,86,1,0
11,0,37,7385,128,310,39,1,0
7,0,39,4138,94,41,34,1,0
8,0,38,2085,56,77,26,0,0
11,0,39,3200,65,214,29,1,0
9,0,30,1735,48,232,17,1,0
9,0,29,1988,51,69,74,1,0
16,0,30,1120,37,49,13,0,0
5,0,29,1245,22,60,9,0,0
15,0,28,1645,44,58,19,1,0
7,0,28,3645,73,47,29,1,0
7,0,21,2115,38,67,20,1,0
21,0,20,6813,153,124,48,1,0
17,0,18,9353,183,112,46,1,0
13,0,19,3273,57,70,25,1,0
7,0,12,4810,52,254,16,1,0
8,1,12,1908,31,39,13,1,1
13,0,39,4560,71,7,15,1,0
5,0,40,305,6,7,2,0,0
15,0,38,2643,60,334,22,1,0
15,0,39,4388,66,7,33,1,0
8,0,39,2583,58,7,31,1,0
16,0,39,3965,82,7,26,1,0
9,0,39,2550,39,260,16,1,0
18,0,38,9305,121,119,41,1,0
12,0,39,13963,169,7,42,1,0
12,0,39,4705,83,7,23,1,0
11,0,39,6108,95,7,10,1,0
14,1,39,2428,54,7,15,0,0
30,0,39,15330,225,29,30,1,0
9,0,39,3285,27,458,6,1,0
14,0,38,15675,182,125,28,1,0
8,0,38,6690,86,161,24,1,0
5,0,38,1065,14,7,9,0,0
7,0,39,900,14,7,6,0,0
5,0,38,305,6,7,2,0,1
8,0,38,7698,127,359,41,1,0
12,0,38,11655,154,7,45,1,0
13,0,38,6908,75,83,35,1,0
28,1,34,1145,47,7,15,0,1
26,0,37,10625,93,7,40,1,0
18,0,37,6008,98,7,22,1,1
6,0,35,3030,22,7,12,1,0
14,0,36,3180,41,7,14,0,1
14,0,37,2458,44,9,29,0,1
5,1,37,305,6,7,2,0,1
6,0,37,1858,25,7,4,1,0
8,0,34,6975,97,7,20,1,0
5,0,37,818,7,7,2,0,1
5,0,37,305,6,7,2,1,0
30,0,32,16265,238,7,78,1,0
11,0,35,7155,116,246,31,1,0
7,0,37,3908,82,7,26,1,0
8,0,36,1855,44,13,18,0,0
11,0,37,2970,53,150,21,1,0
9,0,28,1505,36,168,9,1,0
9,0,27,1758,39,7,66,1,0
16,0,28,890,25,7,5,0,0
5,0,27,1015,10,7,2,0,0
15,0,26,1415,32,7,11,1,0
7,0,26,3415,61,7,21,1,0
7,0,19,1885,26,7,12,1,0
21,0,18,6583,141,60,40,1,0
17,0,16,9123,171,48,38,1,0
13,0,17,3043,45,7,17,1,0
7,0,10,4580,40,190,8,1,0
8,0,10,1678,19,7,5,1,1
15,0,40,4865,78,21,22,1,0
7,0,41,813,12,23,9,0,0
17,0,39,2948,67,375,29,1,0
17,0,40,4693,73,17,40,1,0
10,0,40,2888,65,18,38,1,0
18,0,40,4270,89,48,33,1,0
11,0,40,2855,46,301,23,1,0
20,0,39,9610,128,160,48,1,0
14,0,40,14268,176,16,49,1,0
14,0,40,5010,90,18,30,1,0
13,0,40,6413,102,23,17,1,0
16,0,40,2733,61,24,22,0,0
32,1,40,15635,232,70,37,1,0
11,0,40,3590,34,499,13,1,0
16,0,39,15980,189,166,35,1,0
10,0,39,6995,93,202,31,1,0
7,0,39,1370,21,16,16,0,0
9,0,40,1205,21,29,13,0,0
7,0,39,495,7,16,5,0,1
10,0,39,8003,134,400,48,1,0
14,0,39,11960,161,27,52,1,0
15,0,39,7213,82,124,42,1,0
30,1,35,1450,54,32,22,0,1
28,0,38,10930,100,17,47,1,0
20,0,38,6313,105,42,29,1,0
8,0,36,3335,29,16,19,1,0
16,1,37,3485,48,25,21,0,1
16,1,38,2763,51,50,36,0,1
7,0,38,628,9,16,7,0,1
8,0,38,2163,32,16,11,1,0
10,0,35,7280,104,30,27,1,0
7,0,38,1123,14,25,9,0,1
7,0,38,833,11,20,7,1,0
32,0,33,16570,245,16,85,1,0
13,0,36,7460,123,287,38,1,0
9,0,38,4213,89,18,33,1,0
10,0,37,2160,51,54,25,0,0
13,0,38,3275,60,191,28,1,0
11,0,29,1810,43,209,16,1,0
11,0,28,2063,46,46,73,1,0
18,0,29,1195,32,26,12,0,0
7,0,28,1320,17,37,8,0,0
17,0,27,1720,39,35,18,1,0
9,0,27,3720,68,24,28,1,0
9,0,20,2190,33,44,19,1,0
23,0,19,6887,148,101,47,1,0
19,0,17,9427,178,89,45,1,0
15,0,18,3347,52,47,24,1,0
9,0,11,4885,47,231,15,1,0
10,1,11,1982,26,16,12,1,1
11,0,40,4485,76,3,16,1,0
3,0,41,433,10,5,3,0,0
13,0,39,2568,65,357,23,1,0
13,0,40,4313,71,0,34,1,0
6,0,40,2508,63,0,32,1,0
14,0,40,3890,87,30,27,1,0
7,0,40,2475,44,283,17,1,0
16,0,39,9230,126,142,42,1,0
10,0,40,13888,174,0,43,1,0
10,0,40,4630,88,0,24,1,0
9,0,40,6033,100,5,11,1,0
12,1,40,2353,59,6,16,0,0
28,0,40,15255,230,52,31,1,0
7,0,40,3210,32,481,7,1,0
12,0,39,15600,187,148,29,1,0
6,0,39,6615,91,184,25,1,0
3,0,39,990,19,0,10,0,0
5,0,40,825,19,11,7,0,0
0,0,39,0,0,0,0,0,1
6,0,39,7623,132,382,42,1,0
10,0,39,11580,159,9,46,1,0
11,0,39,6833,80,106,36,1,0
26,1,35,1070,52,14,16,0,1
24,0,38,10550,98,0,41,1,0
16,0,38,5933,103,24,23,1,0
4,0,36,2955,27,0,13,1,0
12,0,37,3105,46,7,15,0,1
12,0,38,2383,49,32,30,0,1
3,0,38,248,7,0,1,0,1
4,0,38,1783,30,0,5,1,0
6,0,35,6900,102,12,21,1,0
3,0,38,743,12,7,3,0,1
3,0,38,453,9,2,1,1,0
28,0,33,16190,243,0,79,1,0
9,0,36,7080,121,269,32,1,0
5,0,38,3833,87,0,27,1,0
6,0,37,1780,49,36,19,0,0
9,0,38,2895,58,173,22,1,0
7,0,29,1430,41,191,10,1,0
7,0,28,1683,44,28,67,1,0
14,0,29,815,30,8,6,0,0
3,0,28,940,15,19,2,0,0
13,0,27,1340,37,17,12,1,0
5,0,27,3340,66,6,22,1,0
5,0,20,1810,31,26,13,1,0
19,0,19,6507,146,83,41,1,0
15,0,17,9047,176,71,39,1,0
11,0,18,2967,50,29,18,1,0
5,0,11,4505,45,213,9,1,0
6,1,11,1602,24,0,6,1,1
11,0,35,4675,71,4,18,1,0
3,0,36,623,5,6,5,0,0
13,0,34,2758,60,358,25,1,0
13,0,35,4503,66,0,36,1,0
6,0,35,2698,58,1,34,1,0
14,0,35,4080,82,31,29,1,0
7,0,35,2665,39,284,19,1,0
16,0,34,9420,121,143,44,1,0
10,0,35,14078,169,0,45,1,0
10,0,35,4820,83,1,26,1,0
9,0,35,6223,95,6,13,1,0
12,0,35,2543,54,7,18,0,0
28,0,35,15445,225,53,33,1,0
7,0,35,3400,27,482,9,1,0
12,0,34,15790,182,149,31,1,0
6,0,34,6805,86,185,27,1,0
3,0,34,1180,14,0,12,0,0
5,0,35,1015,14,12,9,0,0
0,0,34,0,0,0,0,0,1
6,0,34,7813,127,383,44,1,0
10,0,34,11770,154,10,48,1,0
11,0,34,7023,75,107,38,1,0
26,1,30,1260,47,15,18,0,1
24,0,33,10740,93,0,43,1,0
16,0,33,6123,98,25,25,1,1
4,0,31,3145,22,0,15,1,0
12,1,32,3295,41,8,17,0,1
12,0,33,2573,44,33,32,0,1
3,0,33,438,2,0,3,0,1
4,0,33,1973,25,0,7,1,0
6,0,30,7090,97,13,23,1,0
3,0,33,933,7,8,5,0,1
3,0,33,643,4,3,3,1,0
28,0,28,16380,238,0,81,1,0
9,0,31,7270,116,270,34,1,0
5,0,33,4023,82,1,29,1,0
6,0,32,1970,44,37,21,0,0
9,0,33,3085,53,174,24,1,0
7,0,24,1620,36,192,12,1,0
7,0,23,1873,39,29,69,1,0
14,0,24,1005,25,9,8,0,0
3,0,23,1130,10,20,4,0,0
13,0,22,1530,32,18,14,1,0
5,0,22,3530,61,7,24,1,0
5,0,15,2000,26,27,15,1,0
19,0,14,6697,141,84,43,1,0
15,0,12,9237,171,72,41,1,0
11,0,13,3157,45,30,20,1,0
5,0,6,4695,40,214,11,1,0
6,0,6,1792,19,0,8,1,1
15,0,45,4675,83,20,20,1,0
7,0,46,623,17,22,7,0,0
17,0,44,2758,72,374,27,1,0
17,0,45,4503,78,16,38,1,0
10,0,45,2698,70,17,36,1,0
18,0,45,4080,94,47,31,1,0
11,0,45,2665,51,300,21,1,0
20,0,44,9420,133,159,46,1,0
14,0,45,14078,181,15,47,1,0
14,0,45,4820,95,17,28,1,0
13,0,45,6223,107,22,15,1,0
16,0,45,2543,66,23,20,0,0
32,0,45,15445,237,69,35,1,0
11,0,45,3400,39,498,11,1,0
16,0,44,15790,194,165,33,1,0
10,0,44,6805,98,201,29,1,0
7,0,44,1180,26,15,14,0,0
9,0,45,1015,26,28,11,0,0
7,0,44,305,12,15,3,0,1
10,0,44,7813,139,399,46,1,0
14,0,44,11770,166,26,50,1,0
15,0,44,7023,87,123,40,1,0
30,1,40,1260,59,31,20,0,1
28,0,43,10740,105,16,45,1,0
20,0,43,6123,110,41,27,1,0
8,0,41,3145,34,15,17,1,0
16,1,42,3295,53,24,19,0,1
16,1,43,2573,56,49,34,0,1
7,0,43,438,14,15,5,0,1
8,0,43,1973,37,15,9,1,0
10,0,40,7090,109,29,25,1,0
7,0,43,933,19,24,7,0,1
7,0,43,643,16,19,5,1,0
32,0,38,16380,250,15,83,1,0
13,0,41,7270,128,286,36,1,0
9,0,43,4023,94,17,31,1,0
10,0,42,1970,56,53,23,0,0
13,0,43,3085,65,190,26,1,0
11,0,34,1620,48,208,14,1,0
11,0,33,1873,51,45,71,1,0
18,0,34,1005,37,25,10,0,0
7,0,33,1130,22,36,6,0,0
17,0,32,1530,44,34,16,1,0
9,0,32,3530,73,23,26,1,0
9,0,25,2000,38,43,17,1,0
23,0,24,6697,153,100,45,1,0
19,0,22,9237,183,88,43,1,0
15,0,23,3157,57,46,22,1,0
9,0,16,4695,52,230,13,1,0
10,0,16,1792,31,15,10,1,1
19,0,41,5385,88,37,19,1,0
11,0,42,1333,22,22,6,0,0
21,0,40,3468,77,374,26,1,0
21,0,41,5213,83,16,37,1,0
14,0,41,3408,75,17,35,1,0
22,0,41,4790,99,47,30,1,0
15,0,41,3375,56,300,20,1,0
24,0,40,10130,138,159,45,1,0
18,0,41,14788,186,15,46,1,0
18,0,41,5530,100,17,27,1,0
17,0,41,6933,112,22,14,1,0
20,0,41,3253,71,23,19,0,0
36,0,41,16155,242,69,34,1,0
15,0,41,4110,44,498,10,1,0
20,0,40,16500,199,165,32,1,0
14,0,40,7515,103,201,28,1,0
11,0,40,1890,31,15,13,0,0
13,0,41,1725,31,28,10,0,0
11,0,40,1015,17,15,2,0,1
14,0,40,8523,144,399,45,1,0
18,0,40,12480,171,26,49,1,0
19,0,40,7733,92,123,39,1,0
34,1,36,1970,64,31,19,0,1
32,0,39,11450,110,16,44,1,0
24,0,39,6833,115,41,26,1,0
12,0,37,3855,39,15,16,1,0
20,1,38,4005,58,24,18,0,1
20,1,39,3283,61,49,33,0,1
11,0,39,1148,19,15,4,0,1
12,0,39,2683,42,15,8,1,0
14,0,36,7800,114,29,24,1,0
11,0,39,1643,24,24,6,0,1
11,0,39,1353,21,19,4,1,0
36,0,34,17090,255,15,82,1,0
17,0,37,7980,133,286,35,1,0
13,0,39,4733,99,17,30,1,0
14,0,38,2680,61,53,22,0,0
17,0,39,3795,70,190,25,1,0
15,0,30,2330,53,208,13,1,0
15,0,29,2583,56,45,70,1,0
22,1,30,1715,42,25,9,0,1
11,0,29,1840,27,36,5,0,0
21,0,28,2240,49,34,15,1,0
13,0,28,4240,78,23,25,1,0
13,0,21,2710,43,43,16,1,0
27,0,20,7407,158,100,44,1,0
23,0,18,9947,188,88,42,1,0
19,0,19,3867,62,46,21,1,0
13,0,12,5405,57,230,12,1,0
14,1,12,2502,36,15,9,1,1
7,0,39,3965,66,0,19,1,0
0,0,40,0,0,0,0,0,0
9,0,38,2048,55,341,26,1,0
9,0,39,3793,61,0,37,1,0
2,0,39,1988,53,0,35,1,0
10,0,39,3370,77,14,30,1,0
3,0,39,1955,34,267,20,1,0
12,0,38,8710,116,126,45,1,0
6,0,39,13368,164,0,46,1,0
6,0,39,4110,78,0,27,1,0
5,0,39,5513,90,0,14,1,0
8,0,39,1833,49,0,19,0,0
24,0,39,14735,220,36,34,1,0
3,0,39,2690,22,465,10,1,0
8,0,38,15080,177,132,32,1,0
2,0,38,6095,81,168,28,1,0
0,0,38,470,9,0,13,0,0
1,0,39,305,9,0,10,0,0
0,0,38,0,0,0,0,0,1
2,0,38,7103,122,366,45,1,0
6,0,38,11060,149,0,49,1,0
7,0,38,6313,70,90,39,1,0
22,0,34,550,42,0,19,0,1
20,0,37,10030,88,0,44,1,0
12,0,37,5413,93,8,26,1,1
0,0,35,2435,17,0,16,1,0
8,1,36,2585,36,0,18,0,1
8,0,37,1863,39,16,33,0,1
0,0,37,0,0,0,0,0,1
0,0,37,1263,20,0,8,1,0
2,0,34,6380,92,0,24,1,0
0,0,37,223,2,0,6,0,1
0,0,37,0,0,0,0,1,0
24,1,32,15670,233,0,82,1,0
5,0,35,6560,111,253,35,1,0
1,0,37,3313,77,0,30,1,0
2,0,36,1260,39,20,22,0,0
5,0,37,2375,48,157,25,1,0
3,0,28,910,31,175,13,1,0
3,0,27,1163,34,12,70,1,0
10,0,28,295,20,0,9,0,0
0,0,27,420,5,3,5,0,0
9,0,26,820,27,1,15,1,0
1,0,26,2820,56,0,25,1,0
1,0,19,1290,21,10,16,1,0
15,0,18,5987,136,67,44,1,0
11,0,16,8527,166,55,42,1,0
7,0,17,2447,40,13,21,1,0
1,0,10,3985,35,197,12,1,0
2,1,10,1082,14,0,9,1,1
13,0,40,4675,77,12,19,1,0
5,0,41,623,11,14,6,0,0
15,0,39,2758,66,366,26,1,0
15,0,40,4503,72,8,37,1,0
8,0,40,2698,64,9,35,1,0
16,0,40,4080,88,39,30,1,0
9,0,40,2665,45,292,20,1,0
18,0,39,9420,127,151,45,1,0
12,0,40,14078,175,7,46,1,0
12,0,40,4820,89,9,27,1,0
11,0,40,6223,101,14,14,1,0
14,0,40,2543,60,15,19,0,0
30,0,40,15445,231,61,34,1,0
9,0,40,3400,33,490,10,1,0
14,0,39,15790,188,157,32,1,0
8,0,39,6805,92,193,28,1,0
5,0,39,1180,20,7,13,0,0
7,0,40,1015,20,20,10,0,0
5,0,39,305,6,7,2,0,1
8,0,39,7813,133,391,45,1,0
12,0,39,11770,160,18,49,1,0
13,0,39,7023,81,115,39,1,0
28,1,35,1260,53,23,19,0,1
26,0,38,10740,99,8,44,1,0
18,0,38,6123,104,33,26,1,0
6,0,36,3145,28,7,16,1,0
14,1,37,3295,47,16,18,0,1
14,0,38,2573,50,41,33,0,1
5,0,38,438,8,7,4,0,1
6,0,38,1973,31,7,8,1,0
8,0,35,7090,103,21,24,1,0
5,0,38,933,13,16,6,0,1
5,0,38,643,10,11,4,1,0
30,0,33,16380,244,7,82,1,0
11,0,36,7270,122,278,35,1,0
7,0,38,4023,88,9,30,1,0
8,0,37,1970,50,45,22,0,0
11,0,38,3085,59,182,25,1,0
9,0,29,1620,42,200,13,1,0
9,0,28,1873,45,37,70,1,0
16,0,29,1005,31,17,9,0,0
5,0,28,1130,16,28,5,0,0
15,0,27,1530,38,26,15,1,0
7,0,27,3530,67,15,25,1,0
7,0,20,2000,32,35,16,1,0
21,0,19,6697,147,92,44,1,0
17,0,17,9237,177,80,42,1,0
13,0,18,3157,51,38,21,1,0
7,0,11,4695,46,222,12,1,0
8,1,11,1792,25,7,9,1,1
13,0,40,4675,77,12,19,1,0
5,0,41,623,11,14,6,0,0
15,0,39,2758,66,366,26,1,0
15,0,40,4503,72,8,37,1,0
8,0,40,2698,64,9,35,1,0
16,0,40,4080,88,39,30,1,0
9,0,40,2665,45,292,20,1,0
18,0,39,9420,127,151,45,1,0
12,0,40,14078,175,7,46,1,0
12,0,40,4820,89,9,27,1,0
11,0,40,6223,101,14,14,1,0
14,0,40,2543,60,15,19,0,0
30,0,40,15445,231,61,34,1,0
9,0,40,3400,33,490,10,1,0
14,0,39,15790,188,157,32,1,0
8,0,39,6805,92,193,28,1,0
5,0,39,1180,20,7,13,0,0
7,0,40,1015,20,20,10,0,0
5,0,39,305,6,7,2,0,1
8,0,39,7813,133,391,45,1,0
12,0,39,11770,160,18,49,1,0
13,0,39,7023,81,115,39,1,0
28,1,35,1260,53,23,19,0,1
26,0,38,10740,99,8,44,1,0
18,0,38,6123,104,33,26,1,0
6,0,36,3145,28,7,16,1,0
14,1,37,3295,47,16,18,0,1
14,1,38,2573,50,41,33,0,1
5,0,38,438,8,7,4,0,1
6,0,38,1973,31,7,8,1,0
8,0,35,7090,103,21,24,1,0
5,1,38,933,13,16,6,0,1
5,0,38,643,10,11,4,1,0
30,0,33,16380,244,7,82,1,0
11,0,36,7270,122,278,35,1,0
7,0,38,4023,88,9,30,1,0
8,0,37,1970,50,45,22,0,0
11,0,38,3085,59,182,25,1,0
9,0,29,1620,42,200,13,1,0
9,0,28,1873,45,37,70,1,0
16,0,29,1005,31,17,9,0,0
5,0,28,1130,16,28,5,0,0
15,0,27,1530,38,26,15,1,0
7,0,27,3530,67,15,25,1,0
7,0,20,2000,32,35,16,1,0
21,0,19,6697,147,92,44,1,0
17,0,17,9237,177,80,42,1,0
13,0,18,3157,51,38,21,1,0
7,0,11,4695,46,222,12,1,0
8,1,11,1792,25,7,9,1,1
