t,yes_changeP,lastweek_changeP,dow_yes_changeP,dow_lastweek_changeP,nasdaq_yes_changeP,nasdaq_lastweek_changeP,today_changeP
2019-08-23,-1.0353490725939254,-1.0787425594645645,0.18894887952248535,-0.1052892559772295,-0.3334967626163881,-0.2681072032028809,-3.049884078998767
2019-08-26,-3.049884078998767,-0.7566800220022368,-2.374425337361462,0.5866713967913596,-3.1455353584396955,-0.33563701605746,1.100238912090774
2019-08-27,1.100238912090774,-0.40819314122532857,1.0532238347562495,1.2488157275052365,1.473944127208388,1.204157725313139,-0.39799640911618256
2019-08-28,-0.39799640911618256,-1.714855830201339,-0.46693108196474553,-0.41763630617014785,-0.11868264838666821,-0.5007828504540841,0.137359677476013
2019-08-29,0.137359677476013,-2.856088543523828,1.0016301360366138,-0.3814289015212318,0.2890567154573837,-1.7024805924309612,1.2554923856631712
2019-08-30,1.2554923856631712,-0.8315835874798951,1.252685292798468,1.5399575513574335,1.5077973842889125,0.49370462261978293,-0.5659418502795065
2019-09-03,-0.5659418502795065,-2.5911139315751845,0.15563655179280977,0.7653737779892035,-0.14683982477608717,-0.5459590399702986,0.7628217498176116
2019-09-04,0.7628217498176116,-0.8212110912131712,-1.0803952131005272,-0.5112733310631897,-1.0595531709140553,-1.270467690566194,0.602290121057518
2019-09-05,0.602290121057518,2.9149186761885444,0.9091469266683546,2.834964830429393,1.4421459168202615,3.406029447355167,2.227009346484999
2019-09-06,2.227009346484999,4.061913865025306,1.4140505844041364,3.2021535721818997,1.8562689258995366,3.795633790932767,-0.39169243840745166
2019-09-09,-0.39169243840745166,4.068500110615246,0.2593166600084342,3.955172963760064,-0.12718536185912208,3.7867978588764326,-0.11780869306318181
2019-09-10,-0.11780869306318181,3.8033144727752584,0.1419866912531067,3.070391372915745,-0.256479261723758,3.222235442569279,-0.5897248970316054
2019-09-11,-0.5897248970316054,1.911667260823268,0.2754556277134257,2.075618308376561,-0.22546943706826766,1.459694233625502,0.13402220981623508
2019-09-12,0.13402220981623508,2.6290724006155295,0.8458350014966292,2.779047849983715,0.9320827252785263,2.555975531465349,1.1278207068546038
2019-09-13,1.1278207068546038,3.000831584582273,0.16733644427977099,4.075460952261018,0.37729906169237093,4.045333899373959,-0.2283682512708939
2019-09-16,-0.2283682512708939,2.150368806751201,0.13637591006490143,3.2784420276832646,-0.3080535750496216,2.2502211395213267,-1.7125708452679418
2019-09-17,-1.7125708452679418,-1.786257845089434,-0.5242532609224453,1.3045044897580989,-0.5136233988474436,-0.1288372811098314,0.8136828085409517
2019-09-18,0.8136828085409517,-0.597758445774779,0.1254965256548714,1.1692893012543457,0.4632957536425172,0.4616340676987853,-0.279283847041559
2019-09-19,-0.279283847041559,-0.7584576860571618,0.13381861040449602,1.1610374284713854,-0.0029152819077604805,0.7170236064324902,0.22229040250306406
2019-09-20,0.22229040250306406,0.05217934944916657,-0.19262114184845933,0.6888268430531003,0.16771096842112954,1.113918083989416,-1.5009588701791108
2019-09-23,-1.5009588701791108,-1.5814654062352225,-0.5894814299220935,-0.7442549260250563,-0.9901583563751934,-0.8117860332737311,-0.49382358222093586
2019-09-24,-0.49382358222093586,-3.159664693509532,0.05539217719463676,-0.8551804236045575,-0.06314194361350164,-1.2470095059351038,-2.4472112407794286
2019-09-25,-2.4472112407794286,-5.313317944742433,-0.5277207965129278,-1.5127012052041584,-1.3886077719343617,-2.3173864236293737,1.534210927122773
2019-09-26,1.534210927122773,-2.185481597520565,0.6078141117262967,-0.3918827017920367,1.2127044675032466,-0.6223581832210154,-1.6111241081918266
2019-09-27,-1.6111241081918266,-4.538151534493879,-0.29510455641840644,-0.810310408746514,-0.40430118291916045,-1.4805794565345083,-0.8270884064703496
2019-09-30,-0.8270884064703496,-5.06256048238683,-0.2635410607286197,-1.2039235055277944,-1.1632819075109209,-2.623799260338612,0.6062234955414568
2019-10-01,0.6062234955414568,-4.698872677480785,0.3601013343462496,-0.6568015125140818,0.883543704514325,-1.9279156114868652,-0.014978297291072971
2019-10-02,-0.014978297291072971,-3.261136612731234,-1.277234409204801,-1.3440887504644414,-0.8427702217281795,-1.7819234420316763,-1.291737598591126
2019-10-03,-1.291737598591126,-4.036860269324586,-1.8606073649013966,-3.233289089057097,-1.7353938799090227,-3.425414861489886,0.6531559454441038
2019-10-04,0.6531559454441038,-0.9870144033872215,0.4694263956801897,-2.263263521579929,1.1601447954858821,-0.929306488432481,0.8831943540800665
2019-10-07,0.8831943540800665,-1.6218653957891807,1.4223925995301356,-1.4719309227515611,1.5148474857452874,-0.6335578616726057,-0.4018043937733581
2019-10-08,-0.4018043937733581,-0.412677704942808,-0.360134634303377,-1.5361934444406273,-0.37361156651184474,-0.6029388888735314,-1.5669562336801077
2019-10-09,-1.5669562336801077,-1.155637194385579,-1.185815534199726,-2.446699555373272,-1.564502670047644,-1.0064343248065266,0.9662787303731343
2019-10-10,0.9662787303731343,-0.8018874060999643,0.6954992793364699,-2.120681784754064,1.1343595822274248,-0.7603172956952465,-0.1004640258399259
2019-10-11,-0.1004640258399259,-0.8867003388907859,0.571851895563229,-0.28739332541294643,0.6479407728343853,0.7316332805261242,0.6778065009647064
2019-10-14,0.6778065009647064,1.090925543542542,1.2073967136937536,2.8297920957609177,1.3374057713043639,3.8815785134238725,0.26040519488135266
2019-10-15,0.26040519488135266,0.6964666067176543,-0.1090014387374187,2.237775040529464,-0.019758138965079386,2.6699335561021393,1.7823897430093212
2019-10-16,1.7823897430093212,1.5939976477791749,0.8863934773339337,1.697466768633397,1.2817621616263701,2.43419607205034,0.568641084563553
2019-10-17,0.568641084563553,2.583889432899973,-0.08444211183911075,1.978852447335076,-0.28503794532683646,2.5252659966148934,0.5654189731309063
2019-10-18,0.5654189731309063,4.806185260348574,0.08851347275308365,3.2939936942314367,0.2768888184708448,4.443163069166333,-1.676660495815212
2019-10-21,-1.676660495815212,2.0627308946444844,-0.9460621911100695,1.6100709629222938,-0.927330682610922,2.314020674651536,1.6016992368547867
2019-10-22,1.6016992368547867,3.801752295745854,0.21457220314508424,1.249103015967145,0.9130067091670768,2.5834743910598976,-1.1161169164035833
2019-10-23,-1.1161169164035833,1.9521649767629279,-0.14738909089214774,-0.10624107890302864,-0.8275469695967161,0.3919008811233579,-0.20161273596840898
2019-10-24,-0.20161273596840898,1.4823511133872556,0.1711566331452421,0.17392473478920503,0.18858176566305096,0.6010986052505022,1.0560834021384626
2019-10-25,1.0560834021384626,0.7581858104675683,-0.10591032144885261,-0.8113713257310378,0.9791531990913274,0.30052332467590587,-1.0922221117825084
2019-10-28,-1.0922221117825084,-0.9058076644217894,0.569029054829304,-0.1626544464982097,0.7845135553216589,1.376355607286788,0.8942106472361036
2019-10-29,0.8942106472361036,-0.5818260639391994,0.4920982947542866,0.23991759634915924,1.0144161556395301,2.1219694220338594,-0.8086296324612465
2019-10-30,-0.8086296324612465,0.2958703588020216,-0.07109358896745159,1.1253622593103252,-0.7787292154456068,2.275144607385023,0.9803104129328565
2019-10-31,0.9803104129328565,-0.3175321078358152,0.4256457229664427,1.3383540995789673,0.44237408456857163,1.7981593177038995,-0.18707723486967687
2019-11-01,-0.18707723486967687,0.6190104847195202,-0.5166461500109378,0.9636027308359799,0.008910120682903061,2.6567625844054232,0.8318928181094939
2019-11-04,0.8318928181094939,1.661014359057273,1.113385862025886,1.913285860626355,0.956722778714549,3.4438270204766974,0.7379590277003621
2019-11-05,0.7379590277003621,1.3409856630210137,0.4196017554254267,2.449420307479414,0.6064110274477632,3.0619870514811893,-0.16346974977635956
2019-11-06,-0.16346974977635956,2.292586050898844,0.11114034962946104,1.9829702198735057,-0.005851767590627466,2.2537614838575144,-0.3296835525713149
2019-11-07,-0.3296835525713149,1.051728900147886,-0.00025575035128376375,1.4833117514797105,-0.1723398829387679,1.0524451418282679,-0.4215499912038299
2019-11-08,-0.4215499912038299,1.4460683152217573,0.6628710849405213,2.2286933281618357,0.2881897259951613,2.1390545648704897,-0.1297364026624736
2019-11-11,-0.1297364026624736,0.33090156016337763,0.02326829080324511,1.8190915892966637,0.44088563491499627,2.137540972208337,-0.7968049605708954
2019-11-12,-0.7968049605708954,-0.2819903453244617,0.037028687707682216,2.3857659808473195,-0.16932750778888794,1.955509660609613,0.358421556087954
2019-11-13,0.358421556087954,-0.7502312020407379,0.0,1.2583696094972607,0.26547101821909647,1.2574191956528138,-1.3998883379323679
2019-11-14,-1.3998883379323679,-2.856496395541734,0.3325917406231593,1.1706328321693242,-0.04816759297107664,0.5986049005461175,0.08499125821111575
2019-11-15,0.08499125821111575,-2.61473746457223,-0.005862835793217079,1.0523913830034142,-0.02396534896657561,0.5803818240123019,-0.8611641150010056
2019-11-18,-0.8611641150010056,-3.134033238374576,0.8024260346543438,1.8635225964183064,0.6986030540616163,1.457891855277213,0.7496472607320387
2019-11-19,0.7496472607320387,-1.994739002851675,0.11187359573913709,1.305953111394631,0.1558644345827385,1.3240231999298555,0.014836251663506012
2019-11-20,0.014836251663506012,-1.852866134893751,-0.36453262712262907,0.9131790871172554,0.12318892580100943,1.0035331074608078,-0.41419734274095377
2019-11-21,-0.41419734274095377,-1.4743315416274816,-0.40427295962066867,0.46801240481496637,-0.6594549395880251,0.5076474137281396,-0.6198729427607431
2019-11-22,-0.6198729427607431,-2.4347603522215975,-0.19697568124676101,0.2701148529455017,-0.21886081560283688,0.022145748093179006,0.6346887960264431
2019-11-25,0.6346887960264431,-0.42153742264810234,0.3937511342581846,0.3312361627585078,0.07778832572561775,0.14819027328419274,1.61079643866717
2019-11-26,1.61079643866717,1.096545680045956,0.684654075438487,1.024080936061535,1.207438121998508,1.381714182727615,1.3022581535564237
2019-11-27,1.3022581535564237,3.302689379898893,0.1967079685899121,0.41703095385683187,0.16507917548130985,0.8445710275355802,1.2003778124323226
2019-11-29,1.2003778124323226,3.764841649830191,0.15048998840140848,0.45576505559737346,0.703097050800465,1.3955666057405618,-0.9738720624244742
2019-12-02,-0.9738720624244742,2.7390622205557325,-0.39976510350092315,0.4202425106371613,-0.48586953995214505,0.7787681508208932,-1.0661968414917578
2019-12-03,-1.0661968414917578,2.0664179752663436,-0.9567115957990637,-0.1367695567057309,-1.1235545069077812,0.30794948694733665,-0.6533461387486437
2019-12-04,-0.6533461387486437,2.032039983268997,-1.0086316151181491,-0.9489151216135798,-0.6561298212813689,-0.1316281495912982,-0.5237417645504208
2019-12-05,-0.5237417645504208,0.8575241707921536,0.5343772039207073,-0.810169785326377,0.5062550471118986,0.29594198932564114,-1.1478432665639275
2019-12-06,-1.1478432665639275,-1.8806648849032541,0.1013019500960924,-1.384861120360684,0.1430732703465669,-0.7588369616846474,0.6389039369583922
2019-12-09,0.6389039369583922,-2.5231764721546748,1.2185636779491227,-0.37913503677517485,1.0708406237004575,0.1385698021941985,-0.11931752965532977
2019-12-10,-0.11931752965532977,-3.794315105743791,-0.37644372505831997,-0.9032821709451782,-0.41238962114603633,-0.9706636100193549,-0.5887390624020984
2019-12-11,-0.5887390624020984,-3.420151389417437,-0.09989002579827519,-0.6049230758090509,-0.10104577059281976,-0.5877145521260683,0.5468005576795768
2019-12-12,0.5468005576795768,-1.8455324053312718,0.10609129343184563,0.46165474720553706,0.578389214093199,1.1234524924071672,0.6639133506832634
2019-12-13,0.6639133506832634,-0.544080380084516,0.790898287865872,2.287912478263052,0.7649919987429502,2.5700313763848284,0.034651762271297154
2019-12-16,0.034651762271297154,0.014198979281969821,0.011837310229865984,1.7562583675121164,0.24590272655605275,2.304333030786237,0.4696366603307171
2019-12-17,0.4696366603307171,1.6506929577559621,0.3572362006662124,2.016423931982916,0.9734088177816846,3.1525886474555946,1.212409703527848
2019-12-18,1.212409703527848,2.2299645545886584,0.11074391690097432,0.8998717277558087,0.06265939746249381,2.1236419931044725,-0.3702548086326027
2019-12-19,-0.3702548086326027,1.9731250086345327,-0.09863339373635456,1.1812411934037874,0.05737049760309068,2.605364709487279,0.462436162201345
2019-12-20,0.462436162201345,3.0513893981361644,0.4875536630293396,1.7762183318890112,0.7070575441683344,3.435360738711036,-0.32249588247337385
2019-12-23,-0.32249588247337385,2.1604390599876555,0.2753251358455129,1.9482755990552103,0.4304935390935666,3.2832640247467744,0.36383991043940667
2019-12-24,0.36383991043940667,1.855904561127491,0.33891811150328305,1.4911053548381272,0.20187303064081522,2.7060718481170047,-0.21137975808700502
2019-12-26,-0.21137975808700502,1.6053937369762965,-0.12636828573994813,1.3508555696282933,0.04024834486542746,2.4953704316270713,4.44665859964599
2019-12-27,4.44665859964599,5.627373844367989,0.3715228381544817,1.365283656605041,0.9057959219595034,2.426738413708814,0.055118034113869493
2019-12-30,0.055118034113869493,4.419600210974275,0.0833961596686045,1.3375931904195917,-0.083491035532472,2.277135032591749,-1.2252665301857324
2019-12-31,-1.2252665301857324,3.5234824705465853,-0.6392650725574756,0.7891891495604215,-0.6983255773767453,1.5046739023428408,0.05143517829110289
2020-01-02,0.05143517829110289,3.099958467161746,0.26807129207274794,0.5690479540097862,0.26797435160297994,1.062113099116128,2.7150643385419193
2020-01-03,2.7150643385419193,6.241814148649595,1.1576012369829316,1.4539083860628517,1.5933618885826415,2.232294868756649,-1.213905034428406
2020-01-06,-1.213905034428406,4.571665962249024,-0.8102862451665421,0.29193379322459945,-0.8827479295065256,1.1256958954549243,1.4885589964526775
2020-01-07,1.4885589964526775,6.3530857991508345,0.23921873583620393,0.659052007854843,0.621102561989767,1.7128524438675043,0.20915561982559716
2020-01-08,0.20915561982559716,2.0382372053393034,-0.4170281280154621,-0.13175787995102003,-0.023386239135166062,0.776238573659396,-0.7808656515329976
2020-01-09,-0.7808656515329976,1.1856840996926241,0.5646934125160473,0.3485047052873945,0.7451567625388229,1.6120164551871385,0.47992717990262346
2020-01-10,0.47992717990262346,2.932499160757933,0.7368581835240067,1.7383083449121282,0.8668823737021939,3.2136403654138626,-0.941059634882603
2020-01-13,-0.941059634882603,1.9114246370191126,-0.459755214056343,0.9998096728227231,-0.2557417232377454,2.6745385938686725,0.4322529419005712
2020-01-14,0.4322529419005712,-0.3535261090814045,0.2889325419761929,0.1324959782355871,1.1599745976813578,2.236539109467942,-1.1558243989587913
2020-01-15,-1.1558243989587913,-0.2949396194756765,0.11284146858093796,1.0643978719409013,-0.4104498260508383,2.7237007540516034,-0.39690613807141123
2020-01-16,-0.39690613807141123,-2.1472707289327384,0.31289500362115125,1.1386806500295894,0.02490751032786024,2.1150474942621496,0.854981241233256
2020-01-17,0.854981241233256,-1.5166317489210195,0.9211777086014823,2.4977922552505514,0.988638129738841,3.1487183959402856,-0.703961314823814
2020-01-21,-0.703961314823814,-1.440297701441472,0.1722288324198461,2.097783548086949,0.5340325342465754,2.932557200003024,1.4629558177890158
2020-01-22,1.4629558177890158,-0.4760552639686563,-0.5181274048368896,0.8258434730549504,-0.07740129232800008,1.9689353433605845,-0.23995978131606766
2020-01-23,-0.23995978131606766,0.2283357059287617,-0.03346183785097133,1.2576425842115713,0.23945763702815995,2.47517953647412,-0.15258627692329982
2020-01-24,-0.15258627692329982,-0.35531605773506747,-0.08969864227413228,0.8753541287031914,0.30908356224278905,1.6132258638943897,-1.2172442635054916
2020-01-27,-1.2172442635054916,-0.41723334272750995,-0.584221022338564,0.1729824390193203,-0.8192568319257891,1.196111833856528,-1.7887480160558091
2020-01-28,-1.7887480160558091,-1.808791170753159,-1.5658292787141352,-1.7031214710047915,-2.0706740242488273,-0.9240071305933104,1.362439953475022
2020-01-29,1.362439953475022,-1.3147354109610945,0.6554882743921595,-1.961902062292772,1.5499018657292787,-0.37337328767123285,0.25630648860110616
2020-01-30,0.25630648860110616,-0.3603742550465161,0.040384605053998344,-2.0909373989891145,0.11748703850592838,-0.7861591032478523,0.6824571426769376
2020-01-31,0.6824571426769376,-1.126847055447278,0.4349839226897048,-1.152894776769002,0.3788284804082039,-0.33316539942081447,7.379130210874521
2020-02-03,7.379130210874521,6.4245076597754815,-2.0908588929112435,-3.1872529422747347,-1.5825159406012983,-2.1447308596587176,-0.22501989312466628
2020-02-04,-0.22501989312466628,6.347302736234574,0.5088515746120833,-2.60725978880327,1.49831014631207,-0.9845957719850463,2.268734248623161
2020-02-05,2.268734248623161,10.100229139201819,1.4359965952127625,-0.6281521298423162,2.2772721144195027,2.1067711157035167,-0.47812219193067484
2020-02-06,-0.47812219193067484,11.569512959914368,1.677398437791853,2.6459703511145882,0.3580531941728446,4.639102383410465,0.5078747849794876
2020-02-07,0.5078747849794876,10.628894130244165,0.3035757687497728,2.2870987064618564,0.8373591318036342,3.904883731122797,1.4169165949608835
2020-02-10,1.4169165949608835,11.909581770553014,-0.9437098045649769,1.28090343431685,-0.47449388593909697,3.2905084511894738,2.6273461026302227
2020-02-11,2.6273461026302227,14.071345758792834,0.5989536582198499,1.4462542145107553,1.2311350712589098,4.167537825391145,0.7915112359197047
2020-02-12,0.7915112359197047,7.073165010415404,-0.001641123403673928,3.6109480782136725,0.01072317942988395,5.853862139479235,0.42774553482494304
2020-02-13,0.42774553482494304,7.773677907587374,0.9395985959758726,4.054989638396438,1.0016940806906096,5.3359350087638004,-0.46897605613425924
2020-02-14,-0.46897605613425924,4.888601537404556,-0.4335134329879321,2.137210416592229,-0.1820413560983905,2.8030743004058243,-0.697716568088461
2020-02-18,-0.697716568088461,4.65716552023968,-0.08574993187732807,0.36608862556065697,0.2905455802602016,2.7339219999374498,0.97428899866292
2020-02-19,0.97428899866292,5.142834823932433,-0.5642906766671426,-0.5023187059654276,0.06463007022342784,1.9466593442812092,0.6749664538376718
2020-02-20,0.6749664538376718,4.373626453624048,0.39627494866832974,0.8436369688637652,0.9234944221707622,3.378656461189401,-0.7888542764320968
2020-02-21,-0.7888542764320968,0.8992968933681674,-0.43631150435928834,-0.19414623290129537,-0.9353113651755731,1.1662509425110341,-2.6533892695148644
2020-02-24,-2.6533892695148644,-2.5492875618481814,-0.7788174695851713,-0.9698264503532675,-1.8814171725886606,-0.7477512723047716,-4.135552171653819
2020-02-25,-4.135552171653819,-6.9773130063657405,-3.5582049558498405,-5.382547250961595,-3.8855994023204428,-5.550392186362401,-1.8190529051335276
2020-02-26,-1.8190529051335276,-8.239108285520519,-3.1452654490487166,-7.959509410553853,-2.695702014113194,-7.928864623101351,0.34723154697764685
2020-02-27,0.34723154697764685,-7.2735174902234885,-0.4570285026543281,-8.301529310381598,0.4401835898169396,-7.791490343644446,-4.813618912879304
2020-02-28,-4.813618912879304,-12.588656096794157,-4.417862374392184,-11.855248932626644,-4.925644318693304,-12.389975980930776,-0.029191148642546804
2020-03-02,-0.029191148642546804,-13.200043063391046,-1.3866039240418055,-13.420560140623794,0.29822378358982077,-12.932763128543264,3.726606565195753
2020-03-03,3.726606565195753,-9.249460659128632,5.092457934115075,-8.612805744143127,4.917971488234044,-7.788355250252107,-2.3009781243647214
2020-03-04,-2.3009781243647214,-8.920928404619495,-2.9431177361195426,-10.606224123581914,-3.1931838031506143,-9.021150863950679,3.5013261547854566
2020-03-05,3.5013261547854566,-1.6652689436227135,4.527648448188107,-3.111289311976239,4.128110328678507,-1.435626903930835,-2.6216793909353386
2020-03-06,-2.6216793909353386,-2.46915260899197,-3.5789934335554827,-3.5451694460038525,-3.102150214375436,-1.8473385434381053,-1.1922923825126475
2020-03-09,-1.1922923825126475,-3.9654676652935437,-0.9819580315527892,-4.053813984147263,-1.6296800145949562,-3.870061067072533,-5.285387976123124
2020-03-10,-5.285387976123124,-4.441440392076125,-7.785721820824907,-7.434500762553325,-6.826340676454952,-5.791860310331456,5.065503450470513
2020-03-11,5.065503450470513,0.4283979450066357,4.893462199679947,-1.5395870985039346,5.33767182007874,-1.0584063500226315,-3.75088343246898
2020-03-12,-3.75088343246898,-6.811329314780669,-5.8555043375523,-11.796658889270851,-4.37335913154522,-9.82048062204462,-7.9220808387498804
2020-03-13,-7.9220808387498804,-12.172929458591986,-9.988449529485626,-18.19931461974237,-9.27378310562464,-15.484808240381112,6.464831749508493
2020-03-16,6.464831749508493,-9.658217574336932,9.36293410505313,-14.415342755714999,10.07220712888685,-10.660304277698659,-5.36974653142507
2020-03-17,-5.36974653142507,-12.207709926889653,-12.926545507355423,-22.7123629673634,-12.1932233772306,-19.04226230830043,7.026607446986334
2020-03-18,7.026607446986334,-4.905080857641737,5.1953355296878385,-17.89073235223424,6.460765942459099,-12.383910462975217,1.225774106041091
2020-03-19,1.225774106041091,1.6322254617897838,-6.302382324650696,-16.569939931485504,-3.997484753358834,-9.723788539624937,2.7830630443135247
2020-03-20,2.7830630443135247,-0.5756304980020053,0.9461293979229204,-19.709565660819194,1.579609723705082,-12.944512926555813,-1.8522798241161629
2020-03-23,-1.8522798241161629,1.3856079364541982,-4.546225774920097,-18.592957156784802,-4.036896100721322,-12.63820756264708,3.073522487251184
2020-03-24,3.073522487251184,13.492700907163554,-3.0356283203617207,-12.304779571867236,0.1805741932628359,-3.5344487127044952,1.9586626441663428
2020-03-25,1.9586626441663428,8.689074262517508,11.36504119941154,-10.699343283994482,7.805286236290408,-5.521142532452701,-2.796763592001887
2020-03-26,-2.796763592001887,11.644314511049924,2.3938313243556166,5.012904727528273,-1.1147981893498253,6.399087255589161,3.6933157466394966
2020-03-27,3.6933157466394966,8.167206567261937,6.375396349704212,6.190919074277473,5.723313353530597,5.662061914266022,-2.832538899460116
2020-03-30,-2.832538899460116,3.8305997587943987,-4.058991343942011,8.733435693107952,-3.9097719070949064,5.758600220255248,3.360348213585338
2020-03-31,3.360348213585338,4.413768459765174,3.1922550135488876,11.152834600643814,3.9618474559715726,8.238843338354027,-0.7245592210870279
2020-04-01,-0.7245592210870279,5.6134861681437265,-1.8377367436253844,14.306782527346732,-0.9571513772745064,11.71255347379482,-2.1551822909264438
2020-04-02,-2.1551822909264438,0.255934330952247,-4.44241125987004,12.648391628256045,-4.18775146781212,6.841381413407449,0.5834253377201946
2020-04-03,0.5834253377201946,-1.096336260961302,2.2437962536313036,3.422035118858619,1.9952488670370225,1.0832925453535187,-0.6378882191073191
2020-04-06,-0.6378882191073191,1.1003054541255337,-1.685437582505365,-0.6981964096230548,-1.4085264504696047,0.7830350831251224,4.772919276371369
2020-04-07,4.772919276371369,2.152911842872262,7.730477010862431,0.5667761148607598,7.353111246007721,2.3366751740922487,0.7013456217413354
2020-04-08,0.7013456217413354,5.868112280019188,-0.11521547895287308,4.700699970960544,-0.40029025015648373,6.074294404304696,1.560947742849138
2020-04-09,1.560947742849138,4.025054140557726,3.441845932708762,4.953939363190155,2.2390736492543186,4.316514791517967,-0.011746952245472344
2020-04-13,-0.011746952245472344,4.771969332034235,1.21961282174978,8.2228216225407,0.10924346114517668,5.439691219523901,6.1735155778942525
2020-04-14,6.1735155778942525,13.690316753176598,-1.3853640348815004,11.685050848744256,1.1435287340176417,11.306671140121898,5.276938912335097
2020-04-15,5.276938912335097,18.99543579432733,2.3897898426479327,11.844525574941482,4.313346051426004,13.836393689355402,1.0668615240943071
2020-04-16,1.0668615240943071,21.037033290361574,-1.85976878519381,11.646203066269779,-1.152765175874632,14.131702604995638,4.355457114634103
2020-04-17,4.355457114634103,20.554767625563446,0.14180387323589624,3.7817011571064976,1.9305271200239777,8.36672055990971,-1.378211113483387
2020-04-20,-1.378211113483387,18.065223146973423,2.994392634416293,7.012627884183642,0.8515816984310245,9.728785348753991,0.7835834703947369
2020-04-21,0.7835834703947369,17.16153242397822,-2.442202824569948,0.9254635027139549,-1.1989976546782382,6.038851797349226,-2.7360341615917294
2020-04-22,-2.7360341615917294,13.969340796651666,-2.6703884086456178,-2.953233187177179,-3.707206825108388,1.9963479055576199,1.5192460554657203
2020-04-23,1.5192460554657203,8.973330007388821,1.9850637218920237,0.3636083076974975,3.1136457031714864,3.9830764517693407,1.521477183575211
2020-04-24,1.521477183575211,5.086009816220918,0.16800031947765404,-1.8142144399445552,-0.26705840492365757,-0.5828258492634122,0.4488536852369017
2020-04-27,0.4488536852369017,4.443425522602697,1.105706542119882,1.15263739000436,1.6791021162413933,2.265369593461911,-1.4197862070299803
2020-04-28,-1.4197862070299803,-1.3366861497416958,1.5079104157106524,2.5325334412277125,0.5811183978443738,0.9115280544708986,-2.6060573179713806
2020-04-29,-2.6060573179713806,-2.565049342105263,-0.13354110530534752,-0.5813736615438656,-1.8111190523863385,-1.7527554103163197,2.533615122775063
2020-04-30,2.533615122775063,-0.8731641974425929,2.208607232710162,4.158146506428056,3.516642504688909,2.936454629425916,4.268959996378087
2020-05-01,4.268959996378087,6.265994685391537,-1.16968546214655,5.76413706581053,0.19760074256828347,7.110671969832202,-7.597411517279709
2020-05-04,-7.597411517279709,-3.2769316346541704,-2.5549921383931613,1.0558486873961075,-3.1368231964291957,0.6179142034158907,1.3101236487597745
2020-05-05,1.3101236487597745,-3.478295552559399,0.1098914759928536,0.9972247907837107,1.3297576812820193,2.228899514696523,0.07815485392347593
2020-05-06,0.07815485392347593,-3.834501539211737,0.5613954812207393,0.4534977505019741,1.092467286283448,1.6390926435163278,1.4436086043926564
2020-05-07,1.4436086043926564,-1.041245380234638,-0.9146606246476365,-1.9439088511750298,0.6073512663539624,1.6656014455183583,0.6953759936520074
2020-05-08,0.6953759936520074,2.313231499760721,0.8926820539874561,-0.9362889479524868,1.3024079025296134,4.889373703980548,0.5068402082920221
2020-05-11,0.5068402082920221,0.2908128931885391,1.9074877442399072,-1.2281431743782534,1.301596242620295,2.644953777559574,1.2350717660199677
2020-05-12,1.2350717660199677,-2.6273241713823765,-0.4493388633284839,-0.5082226575207447,0.8521402748124849,3.3154806118837454,-2.1606495985107927
2020-05-13,-2.1606495985107927,3.1018665857862664,-1.8875861689149813,0.17320174347749878,-2.0052837117549984,4.522394834070687,0.4654307868383346
2020-05-14,0.4654307868383346,2.2422347186124827,-2.174682909081166,-2.1128174240578255,-1.2331493152665336,1.8787373029944634,0.8839055572739458
2020-05-15,0.8839055572739458,3.0654088934050963,1.6232347564610183,-1.0792154687114364,1.0482111595795263,1.8341369640419225,0.8761509004336347
2020-05-18,0.8761509004336347,2.4888791238823185,0.25430355085831274,0.08780736291024914,0.6401697641260534,1.8673556439396697,0.683879037438887
2020-05-19,0.683879037438887,2.477177393351084,3.8502556499230844,3.0217868181618877,1.958888866482443,2.5274976999192624,0.9508489719369999
2020-05-20,0.9508489719369999,2.92989050961215,-1.5876078591674843,-0.5115256217150669,-0.3578000430310251,0.8480202269987475,1.9846187214775723
2020-05-21,1.9846187214775723,3.6919859446347036,1.5245307534860664,1.4611109691050206,2.0054706588788456,2.0013034947985178,-2.0496870370330553
2020-05-22,-2.0496870370330553,3.809586156797959,-0.4141506450718958,2.9848366563340067,-1.1284035475348668,2.9140355598222683,-0.4029895886456858
2020-05-26,-0.4029895886456858,2.91225899577276,-0.036605952285852984,5.235680432793152,0.38387755905356025,4.598960816537874,-0.616352717939059
2020-05-27,-0.616352717939059,1.3818368008110598,2.166138359060022,5.797882867756367,-0.2550434515783627,3.2499109279535463,-0.47361178329826426
2020-05-28,-0.47361178329826426,0.025307840293951882,2.2130735575146887,7.864963405839975,0.5545201729736026,3.162040322426622,-0.3854063174791504
2020-05-29,-0.3854063174791504,-1.036983340948913,-0.5778430749269498,3.2656804871392415,-0.2683722737558539,0.9084967019314568,1.7187962955619505
2020-06-01,1.7187962955619505,-0.2841577376466939,-0.06901892853342159,4.859159884304487,1.474191231075991,2.763769724014764,1.1738565614295478
2020-06-02,1.1738565614295478,-1.0768834709695352,0.36209179455580387,3.6585399775138576,0.45376210172794446,1.200525911542255,0.055437104426471484
2020-06-03,0.055437104426471484,1.0491479265249208,1.0505619398905637,5.1831538561661405,0.6086112458278917,2.9784562465596913,0.24227334654489174
2020-06-04,0.24227334654489174,1.703818880203898,2.048119468564943,7.376736784978512,0.4906217309285945,3.0879593888998733,-0.7181974414487043
2020-06-05,-0.7181974414487043,1.599596529777048,0.04541201815529066,5.14785079831242,-0.7731341249997611,2.5525046436215466,0.9103430648924287
2020-06-08,0.9103430648924287,3.012380181540343,3.154881002879545,6.11669974590072,2.0221844699380536,4.049330936172224,1.6536471443314538
2020-06-09,1.6536471443314538,5.120984379515168,1.702111013310307,8.550173439277184,0.785085746520314,5.148396545328383,3.0427187564987355
2020-06-10,3.0427187564987355,6.489188068550536,-1.0885459459807896,7.44271073468516,0.6630334911505454,4.307868183744627,1.7913244782774027
2020-06-11,1.7913244782774027,7.13909565691635,-1.035154859648261,5.946887307648961,1.2750845500393773,5.160702282561775,-3.3802335033666226
2020-06-12,-3.3802335033666226,3.4601887174581276,-6.898188166547567,-2.3870132229033514,-5.01056351449743,-0.712715079302079,-0.5058695837251288
2020-06-15,-0.5058695837251288,2.688029366225334,1.8997369968014761,-2.5289468158948605,0.7853153055159369,-0.4215503477045722,1.0868249324997252
2020-06-16,1.0868249324997252,4.554979660901921,0.615574205898443,-1.973455986240489,1.170446469182457,1.5289168028628997,1.655475574976202
2020-06-17,1.655475574976202,5.327024548177608,2.0448590518589636,-3.0282932811904075,1.7641650356313991,1.2721448682552738,0.9830709924976752
2020-06-18,0.9830709924976752,4.632216316601458,-0.6480457220290228,-5.269138701328582,0.3327884194930289,0.8176617462045165,0.4922415200471386
2020-06-19,0.4922415200471386,2.0423963939963894,-0.15126476455967292,-4.371472658055499,0.2962123094562153,0.4502770913336381,0.7923959280642594
2020-06-22,0.7923959280642594,1.0410039510492253,-0.7999918520249851,-4.14423750124377,-0.03406052023835732,-0.8482060019801632,1.4508378829262922
2020-06-23,1.4508378829262922,6.093141010883993,0.5933178662419709,3.5688672052647585,1.2158538419004596,5.651047745687676,1.864156151685613
2020-06-24,1.864156151685613,8.620360189486169,0.5038957491230625,2.1501619064966717,0.7846756597462485,5.65037721897901,-1.0855846534975686
2020-06-25,-1.0855846534975686,6.286050927446481,-2.7150843086538057,-1.231295777385617,-2.028636262421979,2.3096358350642534,0.7380111359700117
2020-06-26,0.7380111359700117,5.326794463032898,1.177634477996052,-2.0706780669620004,0.9910312303367305,1.5323579195644355,-2.2402674522900425
2020-06-29,-2.2402674522900425,1.9648061364531801,-2.835625657206135,-4.226933787174985,-2.4992474097263857,-1.3335374670076288,-0.4638260974890652
2020-06-30,-0.4638260974890652,0.9947287672866021,2.3195571629584784,-1.8569669417631725,1.1350971098317477,-0.5082840120678803,2.9264577774911658
2020-07-01,2.9264577774911658,3.1330745787038436,0.8481081720405492,-0.22642740688868374,1.9645247145455964,1.4808202327539868,4.3453316940597215
2020-07-02,4.3453316940597215,6.07556428426654,-0.3018266603965816,-1.1142773088936553,1.2051019295591587,1.4700401736817172,0.40296306850346725
2020-07-06,0.40296306850346725,4.553960545695261,0.3590004936892399,-1.2568396637286519,0.6093795601575991,1.2935520106637528,5.768950884596909
2020-07-07,5.768950884596909,11.799303256345343,1.779779013412981,3.3053990610148456,2.5350291947333807,6.011970400570549,-1.8619292239448582
2020-07-08,-1.8619292239448582,8.913882773363964,-1.5096784231232148,0.5615719980060306,-0.7548977272026108,4.1792396450442055,2.6995582533642044
2020-07-09,2.6995582533642044,14.417330704381035,0.6840416386159931,4.2042988572264655,1.3558561125016773,8.298405323553194,3.294909037690051
2020-07-10,3.294909037690051,18.738015578336356,-1.3856047231146986,0.4308873296935151,0.8239628641304014,7.96523371830512,0.5457787373048221
2020-07-13,0.5457787373048221,15.991616731387179,1.4362780949735432,1.0166239223921862,0.7600497607307927,6.689874270884393,-3.0
2020-07-14,-3.0,7.826451267920742,0.04026799187509372,1.363242578249365,-2.160511127841259,3.141863082788141,-0.6443298969072164
2020-07-15,-0.6443298969072164,6.701724661784192,2.1344526363944705,3.156460778329182,0.8235035019508296,3.3613768337300094,-2.436118119730869
2020-07-16,-2.436118119730869,-1.5757046443451959,0.8539326205120061,2.2180913100337105,0.11375774387661396,0.9205919350057287,-0.29812569151820967
2020-07-17,-0.29812569151820967,-0.007340200896904192,-0.5038636768870137,3.2619752361461862,-0.7028777608655183,0.973490120154936,-1.2643732416202038
2020-07-20,-1.2643732416202038,-3.866792570371357,-0.23475742414692044,2.319651065186113,0.17653824221763648,-0.20137876153526493,7.929523915184918
2020-07-21,7.929523915184918,0.4464925423740255,0.033443082100386656,3.7920169998627817,2.8826117209850186,1.836334413903947,-1.8314975794350148
2020-07-22,-1.8314975794350148,-1.928436279296875,0.5979237376382671,2.934192843233322,-1.086640754779566,-0.03008182291881639,-1.222963030038813
2020-07-23,-1.222963030038813,-0.13176829544539304,0.616382210090971,3.526972663079246,0.3478209446912052,2.532868525070733,-3.6568760543145196
2020-07-24,-3.6568760543145196,-3.1598557448727305,-1.3090123013034651,0.036558887225766196,-2.66918249660787,-1.0190325877748978,0.748685369931224
2020-07-27,0.748685369931224,0.0013225868955818456,-0.6845159601063844,-1.4894212905536337,-0.9211203002549996,-2.0422009541434427,1.5387648743417073
2020-07-28,1.5387648743417073,1.8437301374801731,0.43399841683327695,-0.560849176939039,1.8243597297555363,0.45094906536280166,-1.796272057049066
2020-07-29,-1.796272057049066,1.2950876545439425,-0.7729622562025572,-1.0972948376388525,-1.32916276514526,-1.0588764671642799,1.106543290484315
2020-07-30,1.106543290484315,-5.108483818516774,0.6076398593800428,-0.5295885504338936,1.2388366366009969,-2.639677643997778,0.6049010010913988
2020-07-31,0.6049010010913988,-2.7534152412443453,-0.8512568938186347,-1.9625266103853907,0.4926324026283986,-1.085200626265205,3.696084156633735
2020-08-03,3.696084156633735,2.0894161884587277,0.4357811256618902,-2.138498689881167,1.7765847948569002,0.32315969746797596,-1.6681004146644534
2020-08-04,-1.6681004146644534,4.196810423424225,0.8932844589950707,0.04528801971391895,1.3680711406663961,4.484534807435934,0.8657178266855615
2020-08-05,0.8657178266855615,4.317848317517269,0.6153159647185836,1.3546715519343029,0.37503085137789277,5.851402807244713,2.109064508882875
2020-08-06,2.109064508882875,4.903756870228397,1.3904960601483223,2.319937358399965,0.2604450623641572,4.225637009614782,0.6230821714798737
2020-08-07,0.6230821714798737,7.488173501743624,0.6818035929461087,3.8200481542131306,1.2731149776286068,6.974413274388796,-1.7841872577519382
2020-08-10,-1.7841872577519382,4.41498618267075,0.16978870691151576,3.368216386792717,-1.1333054243167275,4.467880074278599,-0.609322582325953
2020-08-11,-0.609322582325953,3.1547778088876446,1.3048252655464476,5.616054939403258,-0.4867387556561979,3.449767340382233,-2.1437916789034515
2020-08-12,-2.1437916789034515,-2.654613154578092,-0.37612048505550233,4.762277090892967,-1.8862123469789223,-0.2732453044386087,2.6478029268948324
2020-08-13,2.6478029268948324,1.6179909763624756,1.0471724214215061,4.922066252749654,2.5895326847028306,0.9284387603903113,-0.03857932057315421
2020-08-14,-0.03857932057315421,0.7069494319203575,-0.2863766639565567,3.9817774625356095,0.1850771585150941,0.7374377764324589,-0.4112596541520094
2020-08-17,-0.4112596541520094,-1.7787667898429005,0.12294931898987624,2.681835473058505,-0.12452550532028976,0.35063569727006066,1.0924292845903107
2020-08-18,1.0924292845903107,-1.3206228803294573,-0.3082929891035966,1.6720707418713872,1.1117441075567966,0.19073472653064055,4.087470870111132
2020-08-19,4.087470870111132,4.578748621464792,-0.24004330908209914,1.25609232901574,0.9785115198794134,2.3308334944223743,-1.5701182469669905
2020-08-20,-1.5701182469669905,3.567800604007968,-0.3066788015388713,-0.3546365200558822,-0.7052409114776159,2.1061447700660034,1.1314327013118606
2020-08-21,1.1314327013118606,7.034190640606148,0.16917564341862174,0.19077720194095557,1.3995511931671751,5.525609615280666,-0.3836435108826962
2020-08-24,-0.3836435108826962,3.8732031992193034,0.6870997163787106,-0.1662438141146604,0.6805786582070759,3.562021985023857,0.6922961603179614
2020-08-25,0.6922961603179614,4.632679973598069,1.3538359851720894,1.4759449282828312,0.6145286146171843,4.005948988922611,1.1800605225108132
2020-08-26,1.1800605225108132,6.304596840927264,-0.2120266605362851,1.1364423039404694,0.8226238656425537,4.992268900388956,2.8495560333409617
2020-08-27,2.8495560333409617,8.15231829688816,0.29552240890519327,1.7490082133222002,2.1338928761349223,6.05364628354039,-1.215918662022733
2020-08-28,-1.215918662022733,2.64181959865887,0.5659680311717756,2.5710901107072717,-0.3823964352844261,4.6243397040609695,0.05294261259191176
2020-08-31,0.05294261259191176,4.334333263995623,0.5671700150026988,3.470163635664768,0.5843410805487018,5.98313915781378,1.4451146864528366
2020-09-01,1.4451146864528366,4.657949768799532,-0.781110426227479,2.4885617157588302,0.9574193548387097,5.521021529123296,1.3955582445215227
2020-09-02,1.3955582445215227,6.527197094322797,0.7583854726780765,2.5611228944452957,1.504125717854909,6.384162446363756,0.9239418168462552
2020-09-03,0.9239418168462552,6.772266115986027,1.587814144512783,2.797888109313608,1.0386491333058308,6.832603708060966,-4.628409107642481
2020-09-04,-4.628409107642481,0.6427633080748741,-2.7757926195426195,0.15679101742415114,-5.22658370596903,0.42280627899399265,-2.178737613197743
2020-09-08,-2.178737613197743,-4.277640695886413,-0.5634660184215274,-0.701009234628869,-1.2678238207555192,-2.9219202094219825,-4.394437724142489
2020-09-09,-4.394437724142489,-7.357644473805147,-2.2479399316382556,-3.4794662642183236,-4.765650726435231,-7.193433421866387,3.7706682313128956
2020-09-10,3.7706682313128956,-3.915278367173055,1.598421244311974,-2.4897106704816876,2.9597231243831557,-5.001729927750077,-2.8605430726562973
2020-09-11,-2.8605430726562973,-7.993423761447718,-1.4526978779731268,-3.1497330413337665,-2.1212064082403908,-7.898635608990209,-1.8547431341386644
2020-09-14,-1.8547431341386644,-10.942755140173354,0.47598527561755616,-3.4211797734959033,-0.5981621666391317,-9.806179574668954,-0.42519463082095427
2020-09-15,-0.42519463082095427,-12.133259323880928,1.184463636923282,-3.8046422634490815,1.716898175346488,-9.200729355112298,1.7131945397888946
2020-09-16,1.7131945397888946,-6.290680439058789,0.008107400025885073,-1.0502021347963857,1.4285669752743793,-2.824649948900284,-2.4723249059292787
2020-09-17,-2.4723249059292787,-6.571926711723155,0.13138225475864754,-0.3587551039606005,-1.6721101459584375,-3.2225614170030727,-2.2536667095498393
2020-09-18,-2.2536667095498393,-4.47991337605882,-0.4651777217181664,1.4584612884696349,-1.4816442605548996,0.11465605213669648,-1.7887968913378534
2020-09-21,-1.7887968913378534,-9.597357439487693,-0.8764988820378035,-1.0130494373466021,-1.2992543421357723,-4.026633874208932,0.18816338768788143
2020-09-22,0.18816338768788143,-6.760084830350449,-1.8429799473878188,-1.4050726696295601,0.39534913622682794,-1.5590686562271736,5.692340108122283
2020-09-23,5.692340108122283,0.4097919803899033,0.5174673095426624,-1.3643672402760418,1.8774705402870664,0.89263238519089,-4.1268870535066045
2020-09-24,-4.1268870535066045,-3.322941061459437,-1.9240888697515839,-4.394615486320158,-3.1559838925771397,-3.9407621436895384,0.664362034460103
2020-09-25,0.664362034460103,-4.319842617772892,0.1954502035836235,-4.215520198591478,0.582827699166977,-4.741730477470979,2.4948702649999275
2020-09-28,2.4948702649999275,0.5532563794535774,1.336996490405153,-3.0622440747408533,2.337088641004626,-0.8576916845625568,2.549817584518016
2020-09-29,2.549817584518016,5.494679463845363,1.5091639025986217,-1.1394170468690128,1.912992806484979,2.558444853582386,-0.9190203546536632
2020-09-30,-0.9190203546536632,6.428959811079794,-0.47636347955988795,-0.7403429756043512,-0.3651738472761095,3.5290337005293466,0.12242431506817412
2020-10-01,0.12242431506817412,6.359125801938548,1.1985689569871771,2.335372861218816,0.8399699138425389,3.9875326236943294,2.3034693272135547
2020-10-02,2.3034693272135547,2.9488755099641137,0.12670633137962475,1.9375447874494651,1.446310767456263,3.5474427715857826,-2.9882719641941837
2020-10-05,-2.9882719641941837,4.171524274365984,-0.482044519220379,3.4363680853798186,-2.8274549356190612,3.898712108988014,2.3743984375
2020-10-06,2.3743984375,5.941138615222175,1.6827412712889647,4.971767008351721,2.2510315311864386,5.621911124634062,-3.1020252484694852
2020-10-07,-3.1020252484694852,0.1560541336834297,-1.3353428479283802,2.203575803697646,-1.892335665933011,1.2567304830114172,3.088103771501585
2020-10-08,3.088103771501585,0.6817754050889826,1.9108694143239642,2.6080293341964147,1.8768562547460443,1.2208266303303108,-0.16083827506316872
2020-10-09,-0.16083827506316872,1.4522070068629036,0.431215208608267,3.5437353022909748,0.41510223004538394,2.013523246524425,3.012015233891161
2020-10-12,3.012015233891161,4.380176221222625,0.567766862690251,2.898315058178896,1.514241898763147,2.6956422601154473,4.754994719255915
2020-10-13,4.754994719255915,6.8814662958898625,0.8766922513473685,3.6690613486503856,3.089419993054208,4.358986702606828,0.02033010214475841
2020-10-14,0.02033010214475841,10.196156250000001,-0.546888175330397,3.6015129255455864,-0.04087015707017767,7.35165467952972,-2.3208046333285783
2020-10-15,-2.3208046333285783,5.142223439499759,-0.5781438012081533,1.2979645442469747,-0.8094694599587526,4.138485671571402,-0.7450124679229332
2020-10-16,-0.7450124679229332,7.699774978192448,-0.06944231342498422,2.5976512928972317,-0.7241337474779005,5.378498667215579,-1.9750480983333953
2020-10-19,-1.9750480983333953,2.410121787264432,0.39345316309583295,1.0700091061081034,-0.3899661001814162,3.0337626271651708,-2.001399475718798
2020-10-20,-2.001399475718798,0.5221642617859611,-1.4363635755359105,-0.8094484343364281,-1.8378095651327035,0.7220986048298456,0.3055630578442188
2020-10-21,0.3055630578442188,-2.118871636691938,0.40208353320903806,-0.9728628299142424,0.3738089006707811,-0.4094352837905702,-0.9968905369278432
2020-10-22,-0.9968905369278432,-7.493326769837504,-0.34607184992514195,-2.1732077825586646,-0.10678110617499022,-3.4971573064797257,-0.26813815078501313
2020-10-23,-0.26813815078501313,-7.760124913612857,0.5417773820716508,-1.1023447665676729,-0.021087723002252173,-3.478058889697269,0.8815010974953065
2020-10-26,0.8815010974953065,-4.7361413571266615,-0.09903462245443079,-0.6257616872413551,0.25431179570654167,-2.4428972552696737,0.08239098736768034
2020-10-27,0.08239098736768034,-3.9420085103520193,-2.294605141009547,-2.838536900671258,-1.6082929263975723,-3.31174898244734,2.472374466696041
2020-10-28,2.472374466696041,0.41617244882887156,-0.8025586044078572,-3.9960451798803405,0.8208136272531481,-2.1364841057091506,-3.759514287701006
2020-10-29,-3.759514287701006,-1.385314094860122,-3.434561874122272,-5.942350593704444,-3.933032058986346,-4.225331541987316,1.5249236438195204
2020-10-30,1.5249236438195204,-0.18650858970865092,0.5247376422259953,-5.827447030170897,1.8665076975958146,-2.8010283901098734,-5.445641928554381
2020-11-02,-5.445641928554381,-4.671674876129832,-0.5908290611265028,-6.058741589898601,-2.6235296810040785,-5.249897051896141,-1.0430948040659147
2020-11-03,-1.0430948040659147,-5.412414279075709,1.5978325011189256,-5.07201597775102,0.28779257800320385,-4.957170919431089,1.4621475904715857
2020-11-04,1.4621475904715857,-4.867993851837325,2.0611976561673733,-3.019318143907572,1.7605288229175862,-3.529251013430671,6.322968549417453
2020-11-05,6.322968549417453,1.0639054277865865,1.3378110168783792,0.5861551903485841,4.407033106771338,2.3686343376600973,2.494171533733847
2020-11-06,2.494171533733847,1.0854028970623457,1.9481691754567017,3.3753917619700173,2.556256109206323,4.130719669622579,-0.3199844314419025
2020-11-09,-0.3199844314419025,4.698084802428021,-0.23521970487704402,6.800356806867236,0.10994551721773645,8.51306017272637,-5.06225885421413
2020-11-10,-5.06225885421413,-2.0949800631783178,2.9465752734132917,9.373386383523924,-2.1582368335058755,4.225710430848483,-3.4583003378412225
2020-11-11,-3.4583003378412225,-0.03721432896405376,0.9018090505242824,11.015638133281902,-1.7421202132781877,5.169116241854617,3.37295544635932
2020-11-12,3.37295544635932,4.4237243374355515,-0.07915817235437342,9.183195598081655,2.311019834628677,7.290820360232068,-0.8640897118136849
2020-11-13,-0.8640897118136849,2.0295865376152253,-1.0798861276222897,5.8229218306618264,-0.5531861432902295,4.851363925840222,0.5957672338932127
2020-11-16,0.5957672338932127,-3.466347127640078,1.3742719732162845,5.860996512695117,0.9359845119197925,1.3655433963853731,0.0719123231472628
2020-11-17,0.0719123231472628,-5.747740560091812,1.5964448126342825,5.495772773541027,0.6327781244447557,-0.535602360424659,0.14691042105691604
2020-11-18,0.14691042105691604,-5.306268972052083,-0.55788778662667,5.15456900871705,-0.2987473033200856,-0.9416597706489224,-0.9631130932040183
2020-11-19,-0.9631130932040183,-1.217658884506575,-1.1581292635782825,0.9618269446986683,-0.6911320470120139,0.5436871853878044,0.3722494812092235
2020-11-20,0.3722494812092235,2.701794369470573,0.15221790773390773,0.2117899339669218,0.7626896902944726,3.106767357179828,-0.5652872640243672
2020-11-23,-0.5652872640243672,-1.2108788367121637,-0.7453389486369834,-0.4563306181600651,-0.6590440215496028,0.11360314525108471,-0.03258726842125909
2020-11-24,-0.03258726842125909,-0.3822850870903075,1.120130132333509,1.7575537238884398,-0.004199407899890053,0.6662708278785774,0.6348512194266727
2020-11-25,0.6348512194266727,-0.34358109948136667,1.5375166741140527,1.921415629857378,1.4603562116895592,1.1892413403152462,2.1490929778898042
2020-11-27,2.1490929778898042,1.7249752082329095,-0.5783403510539581,-0.2603258964598091,0.5994312727243329,1.1557100924498165,0.32244249924900625
2020-11-30,0.32244249924900625,1.9032732328775677,0.126867435494833,0.42647832737395547,0.8721882648593409,2.3437274509883856,-0.85437067971525
2020-12-01,-0.85437067971525,2.015162935995731,-0.9084759681415354,0.6801340005895516,0.08247820517610686,3.1409790805277717,1.6426572398339987
2020-12-02,1.6426572398339987,3.306364987968495,0.6251275124902932,1.1555363768095397,1.5243306407190775,3.9205969487691763,-0.5139638899217011
2020-12-03,-0.5139638899217011,3.359686721109539,0.20074202446167272,2.119736216655492,0.008671613824967317,4.619094428853869,-0.5244230169371114
2020-12-04,-0.5244230169371114,2.8511611176577425,0.286879513741381,1.278248638844465,0.08605791257701466,4.713524785708421,-0.7578270669860044
2020-12-07,-0.7578270669860044,1.4278114819676886,0.8299773845744577,0.5725159950401969,0.492098714894111,3.714221617699666,-0.14482093771093987
2020-12-08,-0.14482093771093987,-0.8499049558843379,-0.49132777425486934,0.6605357867314211,0.5426776054932341,3.6557107260737873,0.6108308759499683
2020-12-09,0.6108308759499683,-0.5648866265136923,0.34616736638439793,0.8810045690545889,0.31159523939657885,3.079648389348752,-2.300390804491716
2020-12-10,-2.300390804491716,-2.015128821083866,-0.3482161044834733,1.4513820904193375,-2.1453473485577725,0.7851061390968226,-0.08729981895905112
2020-12-11,-0.08729981895905112,-3.6828303959346895,-0.23130539580731202,0.5879168271954526,0.3000539198260286,-0.4302563112648341,0.48137932695687236
2020-12-14,0.48137932695687236,-2.7191912242194376,0.15703512475991432,0.5440410444103134,-0.21230954388174167,-0.6502676050640342,1.3011740986345635
2020-12-15,1.3011740986345635,-0.9338729653287872,-0.6151104598029828,-0.3602618650172825,0.7013893163263212,-0.0394631476630618,0.25816357329999523
2020-12-16,0.25816357329999523,0.08031540703329523,1.1310858170067932,-0.06270784253286425,1.0729233527328674,0.5382891667765726,2.396112657404948
2020-12-17,2.396112657404948,2.6269778637587082,-0.1482533328219737,0.28184434491325255,0.5735209085407276,0.5691311235903227,-0.15056905581420435
2020-12-18,-0.15056905581420435,1.8503201892090013,0.49355779511842773,0.42914029472535714,0.662285707061472,0.9207219396092906,-1.0639469651566535
2020-12-21,-1.0639469651566535,3.1392936249189236,-0.4102459987141745,0.36662652220028397,-0.10884424383346777,3.021034576690665,0.1414904638248803
2020-12-22,0.1414904638248803,3.3754724901865227,0.12392184820880896,0.7239827076462368,-0.37619128518044,2.326443916719727,0.010607261534787743
2020-12-23,0.010607261534787743,2.8911411143220103,-0.6650002178294081,-0.10270583728626216,0.21512408092266874,2.764752115223454,-0.6627122198072684
2020-12-24,-0.6627122198072684,0.8964307260047193,0.38087080110471533,0.8984104638110488,-0.5065431108762407,1.5320692565641612,-0.3949454221419918
2020-12-28,-0.3949454221419918,0.2391638844176468,0.2324575423040639,0.001849690406451358,0.45735776886526514,0.9137073311344773,3.507119245378612
2020-12-29,3.507119245378612,1.3267673935583444,0.6758359168697247,0.8271777595671879,1.0058255661422943,1.347474244144939,1.1583587959349049
2020-12-30,1.1583587959349049,2.655061673405264,-0.2246442805675374,0.10659138625842514,0.03606147808856367,0.7169874290373898,-1.0881969399081879
2020-12-31,-1.0881969399081879,2.6299001415133403,0.24357670422408437,0.7638072094971716,0.014560817607777042,0.8414127190219854,-0.8801425858183044
2021-01-04,-0.8801425858183044,1.5828805956636023,0.6475592489127115,1.2907911421901177,0.3341278150268416,1.560413352206486,-2.158475936039327
2021-01-05,-2.158475936039327,-0.6203029015130762,-1.2500288758801719,0.6942439458870906,-1.5022959858077216,-0.18006138627379206,1.0004339419860018
2021-01-06,1.0004339419860018,1.043553294714608,0.5548888012328823,0.8688052025890817,0.8485436020866303,1.179471961280608,-2.4896653019562973
2021-01-07,-2.4896653019562973,-1.0814185825716884,1.4405322091534467,2.0845495954588484,-1.3984140064290111,-0.6896395948578657,0.7577167259804195
2021-01-08,0.7577167259804195,-3.7089383024436664,0.6867810144448535,2.095647843077651,2.5050459102404323,0.7844151130224226,0.6495572530611965
2021-01-11,0.6495572530611965,-4.193258543892986,0.18311138214487216,2.5128859300394293,1.2800261431594582,2.0376856770369596,-1.7956421661020012
2021-01-12,-1.7956421661020012,-4.033856594093798,-0.3610879201636009,1.238950748150125,-1.173034469782354,0.4903013040478045,
