t,Price
2004-08-19,50.2162
2004-08-20,54.2075
2004-08-23,54.7531
2004-08-24,52.4859
2004-08-25,53.0514
2004-08-26,54.0073
2004-08-27,53.1265
2004-08-30,51.0545
2004-08-31,51.2347
2004-09-01,50.1736
2004-09-02,50.8042
2004-09-03,50.0535
2004-09-07,50.8393
2004-09-08,51.1996
2004-09-09,51.2046
2004-09-10,52.7161
2004-09-13,53.8021
2004-09-14,55.7991
2004-09-15,56.0543
2004-09-16,57.0403
2004-09-17,58.802
2004-09-20,59.7379
2004-09-21,58.9772
2004-09-22,59.2474
2004-09-23,60.4686
2004-09-24,59.9731
2004-09-27,59.1874
2004-09-28,63.4915
2004-09-29,65.6036
2004-09-30,64.8629
2004-10-01,66.3543
2004-10-04,67.5955
2004-10-05,69.2521
2004-10-06,68.6065
2004-10-07,69.4923
2004-10-08,68.9318
2004-10-11,67.6956
2004-10-12,68.7666
2004-10-13,70.5183
2004-10-14,71.0689
2004-10-15,72.1249
2004-10-18,74.6523
2004-10-19,74.0417
2004-10-20,70.3131
2004-10-21,74.7625
2004-10-22,86.2986
2004-10-25,93.7909
2004-10-26,90.9882
2004-10-27,93.0752
2004-10-28,96.7438
2004-10-29,95.4125
2004-11-01,98.1101
2004-11-02,97.5295
2004-11-03,95.928
2004-11-04,92.4396
2004-11-05,84.7571
2004-11-08,86.3587
2004-11-09,84.4318
2004-11-10,84.0114
2004-11-11,91.5988
2004-11-12,91.0883
2004-11-15,92.5247
2004-11-16,86.3562
2004-11-17,86.3337
2004-11-18,83.8513
2004-11-19,84.7822
2004-11-22,82.6301
2004-11-23,83.8413
2004-11-24,87.4648
2004-11-26,89.782
2004-11-29,90.6128
2004-11-30,91.0783
2004-12-01,90.0673
2004-12-02,89.787
2004-12-03,90.2875
2004-12-06,88.2305
2004-12-07,85.7981
2004-12-08,85.0724
2004-12-09,86.7991
2004-12-10,85.9082
2004-12-13,85.3077
2004-12-14,89.4317
2004-12-15,89.9772
2004-12-16,88.3206
2004-12-17,90.1273
2004-12-20,92.5997
2004-12-21,91.9641
2004-12-22,93.2404
2004-12-23,94.0411
2004-12-27,96.0481
2004-12-28,96.4735
2004-12-29,96.5436
2004-12-30,98.8958
2004-12-31,96.4885
2005-01-03,101.4533
2005-01-04,97.3443
2005-01-05,96.8488
2005-01-06,94.3665
2005-01-07,97.019
2005-01-10,97.6246
2005-01-11,96.8639
2005-01-12,97.7848
2005-01-13,97.7597
2005-01-14,100.082
2005-01-18,102.0489
2005-01-19,98.7457
2005-01-20,97.0541
2005-01-21,94.2313
2005-01-24,90.4476
2005-01-25,88.6459
2005-01-26,94.7118
2005-01-27,94.1312
2005-01-28,95.2623
2005-01-31,97.9049
2005-02-01,96.0431
2005-02-02,103.0799
2005-02-03,105.5323
2005-02-04,102.2791
2005-02-07,98.1101
2005-02-08,99.4163
2005-02-09,95.8829
2005-02-10,94.0812
2005-02-11,93.7909
2005-02-14,96.5886
2005-02-15,97.7097
2005-02-16,99.3012
2005-02-17,99.046
2005-02-18,99.071
2005-02-22,95.7778
2005-02-23,97.0691
2005-02-24,94.5366
2005-02-25,93.0251
2005-02-28,94.0862
2005-03-01,93.1202
2005-03-02,92.6798
2005-03-03,93.5932
2005-03-04,93.0402
2005-03-07,94.4966
2005-03-08,92.6898
2005-03-09,90.763
2005-03-10,90.0773
2005-03-11,88.9862
2005-03-14,87.5799
2005-03-15,89.3916
2005-03-16,87.8852
2005-03-17,89.732
2005-03-18,90.1073
2005-03-21,90.5277
2005-03-22,89.3866
2005-03-23,89.5768
2005-03-24,89.7119
2005-03-28,90.798
2005-03-29,89.8721
2005-03-30,90.3125
2005-03-31,90.3426
2005-04-01,90.1073
2005-04-04,92.7349
2005-04-05,94.3765
2005-04-06,94.7018
2005-04-07,96.974
2005-04-08,96.1181
2005-04-11,96.7087
2005-04-12,97.0716
2005-04-13,96.5586
2005-04-14,95.8179
2005-04-15,92.5897
2005-04-18,93.5757
2005-04-19,95.7928
2005-04-20,99.1461
2005-04-21,102.2091
2005-04-22,108.0097
2005-04-25,111.8734
2005-04-26,109.4811
2005-04-27,109.9966
2005-04-28,109.8314
2005-04-29,110.1067
2005-05-02,111.2528
2005-05-03,113.2047
2005-05-04,114.3608
2005-05-05,113.6001
2005-05-06,114.1206
2005-05-09,113.1196
2005-05-10,114.0105
2005-05-11,115.7572
2005-05-12,114.4709
2005-05-13,114.7312
2005-05-16,115.6371
2005-05-17,116.6781
2005-05-18,119.696
2005-05-19,119.706
2005-05-20,120.9222
2005-05-23,127.8489
2005-05-24,128.1242
2005-05-25,130.5315
2005-05-26,129.7257
2005-05-27,133.129
2005-05-31,138.7695
2005-06-01,143.7543
2005-06-02,144.0896
2005-06-03,140.2659
2005-06-06,145.6111
2005-06-07,146.7022
2005-06-08,139.9156
2005-06-09,143.2939
2005-06-10,141.387
2005-06-13,141.5121
2005-06-14,139.31
2005-06-15,137.5333
2005-06-16,138.8546
2005-06-17,140.286
2005-06-20,143.489
2005-06-21,144.0596
2005-06-22,144.7903
2005-06-23,144.9955
2005-06-24,148.7692
2005-06-27,152.1975
2005-06-28,151.1465
2005-06-29,146.502
2005-06-30,147.2177
2005-07-01,145.7663
2005-07-05,147.9984
2005-07-06,145.9039
2005-07-07,147.9133
2005-07-08,148.2587
2005-07-11,146.8173
2005-07-12,146.0335
2005-07-13,149.575
2005-07-14,150.5909
2005-07-15,150.7411
2005-07-18,149.9153
2005-07-19,155.1003
2005-07-20,156.1513
2005-07-21,157.1223
2005-07-22,151.3467
2005-07-25,148.0685
2005-07-26,148.1886
2005-07-27,148.609
2005-07-28,146.8923
2005-07-29,144.0196
2005-08-01,145.9464
2005-08-02,149.7401
2005-08-03,148.7942
2005-08-04,149.0094
2005-08-05,146.3168
2005-08-08,145.7663
2005-08-09,145.9264
2005-08-10,142.9786
2005-08-11,142.1628
2005-08-12,145.001
2005-08-15,142.1377
2005-08-16,142.9635
2005-08-17,142.6883
2005-08-18,140.1308
2005-08-19,140.1358
2005-08-22,137.1379
2005-08-23,139.9256
2005-08-24,141.4221
2005-08-25,141.4321
2005-08-26,141.9275
2005-08-29,144.3649
2005-08-30,143.7743
2005-08-31,143.1387
2005-09-01,143.2638
2005-09-02,144.3649
2005-09-06,143.6943
2005-09-07,147.578
2005-09-08,147.8383
2005-09-09,149.6901
2005-09-12,155.0202
2005-09-13,155.9912
2005-09-14,151.1915
2005-09-15,151.4568
2005-09-16,150.2456
2005-09-19,152.0423
2005-09-20,154.1043
2005-09-21,156.1013
2005-09-22,155.836
2005-09-23,157.833
2005-09-26,157.2924
2005-09-27,157.1223
2005-09-28,153.1484
2005-09-29,154.9602
2005-09-30,158.3835
2005-10-03,159.4946
2005-10-04,155.6508
2005-10-05,155.5057
2005-10-06,156.5267
2005-10-07,156.6468
2005-10-10,155.4757
2005-10-11,153.1985
2005-10-12,150.631
2005-10-13,148.8643
2005-10-14,148.2136
2005-10-17,152.6479
2005-10-18,151.7871
2005-10-19,154.4997
2005-10-20,151.7471
2005-10-21,170.1148
2005-10-24,174.4941
2005-10-25,173.6233
2005-10-26,177.8924
2005-10-27,176.7012
2005-10-28,179.2587
2005-10-31,186.2505
2005-11-01,189.874
2005-11-02,190.0241
2005-11-03,193.1622
2005-11-04,195.4044
2005-11-07,197.7066
2005-11-08,195.1391
2005-11-09,189.7589
2005-11-10,195.7397
2005-11-11,195.3893
2005-11-14,198.6775
2005-11-15,196.5905
2005-11-16,199.2681
2005-11-17,201.9207
2005-11-18,200.2991
2005-11-21,204.8785
2005-11-22,208.437
2005-11-23,211.6351
2005-11-25,214.5179
2005-11-28,211.9454
2005-11-29,201.9657
2005-11-30,202.6526
2005-12-01,207.2459
2005-12-02,209.0526
2005-12-05,203.1218
2005-12-06,202.4662
2005-12-07,202.306
2005-12-08,205.5242
2005-12-09,204.7985
2005-12-12,206.5061
2005-12-13,208.9475
2005-12-14,209.6832
2005-12-15,211.4699
2005-12-16,215.2836
2005-12-19,212.5059
2005-12-20,215.0784
2005-12-21,213.3718
2005-12-22,216.2295
2005-12-23,215.674
2005-12-27,212.5259
2005-12-28,213.5519
2005-12-29,210.2788
2005-12-30,207.6312
2006-01-03,217.8261
2006-01-04,222.8359
2006-01-05,225.8389
2006-01-06,233.0558
2006-01-09,233.6765
2006-01-10,235.1078
2006-01-11,236.0437
2006-01-12,232.0399
2006-01-13,233.3511
2006-01-17,233.7816
2006-01-18,222.6707
2006-01-19,218.4342
2006-01-20,199.9238
2006-01-23,213.9573
2006-01-24,221.7299
2006-01-25,216.71
2006-01-26,217.3431
2006-01-27,216.9552
2006-01-30,213.617
2006-01-31,216.5399
2006-02-01,201.0849
2006-02-02,198.2121
2006-02-03,190.9625
2006-02-06,192.7368
2006-02-07,184.1384
2006-02-08,184.719
2006-02-09,179.559
2006-02-10,181.4809
2006-02-13,173.0177
2006-02-14,171.8265
2006-02-15,171.3561
2006-02-16,183.4077
2006-02-17,184.5538
2006-02-21,183.4728
2006-02-22,182.9223
2006-02-23,189.2184
2006-02-24,188.883
2006-02-27,195.3768
2006-02-28,181.4859
2006-03-01,182.5769
2006-03-02,188.4076
2006-03-03,189.2734
2006-03-06,184.2285
2006-03-07,182.4018
2006-03-08,177.1116
2006-03-09,171.6664
2006-03-10,168.9137
2006-03-13,168.6935
2006-03-14,175.7503
2006-03-15,172.4171
2006-03-16,169.5493
2006-03-17,170.0598
2006-03-20,174.2639
2006-03-21,170.1249
2006-03-22,170.275
2006-03-23,171.1108
2006-03-24,183.0774
2006-03-27,185.0243
2006-03-28,188.7829
2006-03-29,197.6816
2006-03-30,194.4084
2006-03-31,195.1892
2006-04-03,195.039
2006-04-04,202.3661
2006-04-05,204.1929
2006-04-06,205.7894
2006-04-07,203.277
2006-04-10,208.3919
2006-04-11,205.0287
2006-04-12,204.6733
2006-04-13,201.275
2006-04-17,203.6073
2006-04-18,202.3161
2006-04-19,205.4491
2006-04-20,207.7013
2006-04-21,218.762
2006-04-24,220.4636
2006-04-25,213.7872
2006-04-26,213.1916
2006-04-27,210.2187
2006-04-28,209.1727
2006-05-01,199.6435
2006-05-02,197.5915
2006-05-03,197.2762
2006-05-04,197.5665
2006-05-05,197.3412
2006-05-08,197.5815
2006-05-09,204.5983
2006-05-10,201.6855
2006-05-11,193.6877
2006-05-12,187.2465
2006-05-15,188.2825
2006-05-16,185.8301
2006-05-17,187.4316
2006-05-18,185.6749
2006-05-19,185.1895
2006-05-22,185.6549
2006-05-23,187.9722
2006-05-24,190.8099
2006-05-25,191.6807
2006-05-26,190.8599
2006-05-30,186.1504
2006-05-31,186.0903
2006-06-01,191.4956
2006-06-02,189.904
2006-06-05,187.4016
2006-06-06,195.1841
2006-06-07,193.4425
2006-06-08,196.8408
2006-06-09,193.4725
2006-06-12,190.955
2006-06-13,193.45
2006-06-14,192.3814
2006-06-15,195.6896
2006-06-16,195.5395
2006-06-19,194.2583
2006-06-20,193.7728
2006-06-21,201.26
2006-06-22,200.169
2006-06-23,202.6264
2006-06-26,202.306
2006-06-27,201.3551
2006-06-28,203.252
2006-06-29,209.1076
2006-06-30,209.8684
2006-07-03,211.8053
2006-07-05,210.9344
2006-07-06,211.8003
2006-07-07,210.4289
2006-07-10,209.3028
2006-07-11,212.4859
2006-07-12,208.8274
2006-07-13,204.6133
2006-07-14,201.9457
2006-07-17,204.1428
2006-07-18,201.7205
2006-07-19,199.6935
2006-07-20,193.7477
2006-07-21,195.2432
2006-07-24,195.6396
2006-07-25,194.8688
2006-07-26,192.937
2006-07-27,191.3855
2006-07-28,194.2482
2006-07-31,193.4875
2006-08-01,187.9371
2006-08-02,183.7931
2006-08-03,187.8771
2006-08-04,187.1063
2006-08-07,189.1583
2006-08-08,190.6848
2006-08-09,188.6528
2006-08-10,187.2815
2006-08-11,184.4287
2006-08-14,184.8942
2006-08-15,190.6698
2006-08-16,194.048
2006-08-17,193.0871
2006-08-18,191.8659
2006-08-21,188.833
2006-08-22,189.3285
2006-08-23,186.8961
2006-08-24,187.0463
2006-08-25,186.811
2006-08-28,190.6598
2006-08-29,189.6588
2006-08-30,190.5597
2006-08-31,189.4486
2006-09-01,189.4836
2006-09-05,192.3664
2006-09-06,190.2544
2006-09-07,189.4286
2006-09-08,189.1083
2006-09-11,192.2313
2006-09-12,196.1401
2006-09-13,203.4822
2006-09-14,202.1859
2006-09-15,205.1388
2006-09-18,207.5461
2006-09-19,202.1009
2006-09-20,198.6926
2006-09-21,203.6223
2006-09-22,202.0858
2006-09-25,202.1859
2006-09-26,203.6323
2006-09-27,201.6554
2006-09-28,201.9857
2006-09-29,201.1449
2006-10-02,200.9147
2006-10-03,202.216
2006-10-04,208.0516
2006-10-05,206.1047
2006-10-06,210.4539
2006-10-09,214.7081
2006-10-10,213.5319
2006-10-11,213.4569
2006-10-12,213.9273
2006-10-13,213.8572
2006-10-16,211.0796
2006-10-17,210.524
2006-10-18,209.8584
2006-10-19,213.2366
2006-10-20,230.0579
2006-10-23,240.6232
2006-10-24,236.8846
2006-10-25,243.5365
2006-10-26,242.7853
2006-10-27,237.8305
2006-10-30,238.5161
2006-10-31,238.4261
2006-11-01,233.9767
2006-11-02,235.1829
2006-11-03,236.1278
2006-11-06,238.7063
2006-11-07,236.5142
2006-11-08,237.7304
2006-11-09,236.5442
2006-11-10,237.0047
2006-11-13,240.7483
2006-11-14,244.8873
2006-11-15,246.2036
2006-11-16,248.1905
2006-11-17,249.6369
2006-11-20,247.7651
2006-11-21,255.0722
2006-11-22,254.2514
2006-11-24,252.7449
2006-11-27,242.6101
2006-11-28,244.9874
2006-11-29,242.5601
2006-11-30,242.6401
2006-12-01,240.6332
2006-12-04,242.6601
2006-12-05,243.7362
2006-12-06,244.592
2006-12-07,241.5541
2006-12-08,242.2898
2006-12-11,242.1997
2006-12-12,241.1237
2006-12-13,239.7273
2006-12-14,241.2938
2006-12-15,240.3829
2006-12-18,231.6245
2006-12-19,234.5423
2006-12-20,231.6745
2006-12-21,228.3213
2006-12-22,228.011
2006-12-26,228.9869
2006-12-27,234.242
2006-12-28,231.5043
2006-12-29,230.4633
2007-01-03,234.0218
2007-01-04,241.8644
2007-01-05,243.8313
2007-01-08,242.0245
2007-01-09,242.9855
2007-01-10,244.9674
2007-01-11,250.1024
2007-01-12,252.7449
2007-01-16,252.3846
2007-01-17,248.8812
2007-01-18,244.1516
2007-01-19,245.1125
2007-01-22,240.6532
2007-01-23,239.7573
2007-01-24,249.7771
2007-01-25,244.2817
2007-01-26,248.1605
2007-01-29,246.4738
2007-01-30,247.3998
2007-01-31,250.9932
2007-02-01,241.1087
2007-02-02,240.9835
2007-02-05,233.8066
2007-02-06,235.9687
2007-02-07,235.2329
2007-02-08,235.7434
2007-02-09,231.169
2007-02-12,229.3673
2007-02-13,229.7727
2007-02-14,233.191
2007-02-15,230.9588
2007-02-16,235.1979
2007-02-20,236.279
2007-02-21,238.1608
2007-02-22,238.1558
2007-02-23,235.5383
2007-02-26,232.6905
2007-02-27,224.6027
2007-02-28,224.943
2007-03-01,224.3324
2007-03-02,219.5528
2007-03-05,220.6864
2007-03-06,228.9969
2007-03-07,228.041
2007-03-08,227.5805
2007-03-09,226.6997
2007-03-12,227.5956
2007-03-13,221.7299
2007-03-14,224.2173
2007-03-15,223.3114
2007-03-16,220.6388
2007-03-19,223.8319
2007-03-20,222.856
2007-03-21,228.4964
2007-03-22,231.2441
2007-03-23,231.139
2007-03-26,232.7255
2007-03-27,232.0349
2007-03-28,231.164
2007-03-29,230.6835
2007-03-30,229.3022
2007-04-02,229.4874
2007-04-03,236.5292
2007-04-04,235.7384
2007-04-05,235.9837
2007-04-09,234.3321
2007-04-10,233.4762
2007-04-11,232.4903
2007-04-12,233.9217
2007-04-13,233.3712
2007-04-16,237.365
2007-04-17,236.6293
2007-04-18,238.2359
2007-04-19,236.0538
2007-04-20,241.474
2007-04-23,239.7723
2007-04-24,238.9966
2007-04-25,239.2268
2007-04-26,240.8234
2007-04-27,239.7373
2007-04-30,235.9186
2007-05-01,234.7275
2007-05-02,233.1159
2007-05-03,236.8445
2007-05-04,235.7885
2007-05-07,233.8616
2007-05-08,233.6314
2007-05-09,234.8526
2007-05-10,230.9588
2007-05-11,233.5964
2007-05-14,231.114
2007-05-15,229.2221
2007-05-16,236.5342
2007-05-17,235.7084
2007-05-18,235.3881
2007-05-21,235.5282
2007-05-22,238.1608
2007-05-23,237.2149
2007-05-24,237.395
2007-05-25,241.9945
2007-05-29,243.7912
2007-05-30,249.5418
2007-05-31,249.196
2007-06-01,250.4412
2007-06-04,253.7809
2007-06-05,259.6716
2007-06-06,259.3764
2007-06-07,257.7798
2007-06-08,257.995
2007-06-11,255.918
2007-06-12,252.6298
2007-06-13,252.865
2007-06-14,251.6639
2007-06-15,253.1904
2007-06-18,257.8499
2007-06-19,257.4044
2007-06-20,255.2323
2007-06-21,257.3043
2007-06-22,262.7446
2007-06-25,263.9658
2007-06-26,265.3872
2007-06-27,263.4003
2007-06-28,262.7596
2007-06-29,261.6036
2007-07-02,265.4472
2007-07-03,267.4291
2007-07-05,271.0777
2007-07-06,269.9616
2007-07-09,271.5431
2007-07-10,271.9335
2007-07-11,272.4991
2007-07-12,272.9295
2007-07-13,276.3478
2007-07-16,276.7632
2007-07-17,277.7692
2007-07-18,275.0165
2007-07-19,274.5611
2007-07-20,260.3123
2007-07-23,256.5036
2007-07-24,257.2493
2007-07-25,255.1272
2007-07-26,254.2464
2007-07-27,256.1933
2007-07-30,258.3053
2007-07-31,255.2474
2007-08-01,256.7188
2007-08-02,255.7528
2007-08-03,251.744
2007-08-06,255.2474
2007-08-07,258.2603
2007-08-08,263.145
2007-08-09,257.6146
2007-08-10,258.1251
2007-08-13,258.0
2007-08-14,254.5467
2007-08-15,249.0163
2007-08-16,245.9984
2007-08-17,250.2625
2007-08-20,249.2015
2007-08-21,253.5507
2007-08-22,256.6237
2007-08-23,256.3434
2007-08-24,257.7498
2007-08-27,256.8789
2007-08-28,253.4456
2007-08-29,256.6888
2007-08-30,255.948
2007-08-31,257.8749
2007-09-04,262.8297
2007-09-05,264.156
2007-09-06,262.0139
2007-09-07,259.9269
2007-09-10,257.4895
2007-09-11,260.9178
2007-09-12,261.5785
2007-09-13,262.6445
2007-09-14,264.6314
2007-09-17,262.9048
2007-09-18,267.8946
2007-09-19,273.6902
2007-09-20,276.6831
2007-09-21,280.3216
2007-09-24,284.2855
2007-09-25,284.776
2007-09-26,284.3556
2007-09-27,284.0252
2007-09-28,283.9101
2007-10-01,291.5575
2007-10-02,292.4784
2007-10-03,292.2932
2007-10-04,289.7958
2007-10-05,297.3131
2007-10-08,305.1057
2007-10-09,307.8909
2007-10-10,312.9983
2007-10-11,311.3017
2007-10-12,319.0041
2007-10-15,310.3558
2007-10-16,308.2988
2007-10-17,317.0472
2007-10-18,320.1202
2007-10-19,322.6677
2007-10-22,325.6906
2007-10-23,338.2128
2007-10-24,338.2378
2007-10-25,334.5792
2007-10-26,337.6272
2007-10-29,339.9444
2007-10-30,347.722
2007-10-31,353.8429
2007-11-01,351.9461
2007-11-02,355.97
2007-11-05,363.1769
2007-11-06,371.2548
2007-11-07,366.8254
2007-11-08,347.2565
2007-11-09,332.307
2007-11-12,316.3415
2007-11-13,330.5954
2007-11-14,321.1512
2007-11-15,315.1304
2007-11-16,317.1223
2007-11-19,313.2285
2007-11-20,324.5845
2007-11-21,330.5804
2007-11-23,338.6782
2007-11-26,333.323
2007-11-27,337.1117
2007-11-28,346.4658
2007-11-29,348.8381
2007-11-30,346.8361
2007-12-03,341.0955
2007-12-04,342.4118
2007-12-05,349.5938
2007-12-06,357.9769
2007-12-07,357.7817
2007-12-10,359.5584
2007-12-11,349.9411
2007-12-12,350.0142
2007-12-13,347.3616
2007-12-14,345.3146
2007-12-17,334.9396
2007-12-18,337.0016
2007-12-19,339.0135
2007-12-20,345.1795
2007-12-21,348.6829
2007-12-24,350.7049
2007-12-26,355.7648
2007-12-27,350.7099
2007-12-28,351.6057
2007-12-31,346.0754
2008-01-02,342.9273
2008-01-03,342.9974
2008-01-04,328.8186
2008-01-07,324.9399
2008-01-08,316.1463
2008-01-09,326.9168
2008-01-10,323.6787
2008-01-11,319.4346
2008-01-14,327.2271
2008-01-15,319.1343
2008-01-16,308.2737
2008-01-17,300.6864
2008-01-18,300.4161
2008-01-22,292.4584
2008-01-23,274.5761
2008-01-24,287.5236
2008-01-25,283.4747
2008-01-28,278.2597
2008-01-29,275.527
2008-01-30,274.4009
2008-01-31,282.4237
2008-02-01,258.2002
2008-02-04,247.9553
2008-02-05,253.6455
2008-02-06,251.0983
2008-02-07,252.7199
2008-02-08,258.5956
2008-02-11,260.8328
2008-02-12,259.2963
2008-02-13,267.5693
2008-02-14,266.3831
2008-02-15,265.0769
2008-02-19,254.7218
2008-02-20,254.7469
2008-02-21,251.6739
2008-02-22,254.1463
2008-02-25,243.4559
2008-02-26,232.3201
2008-02-27,236.6593
2008-02-28,237.9256
2008-02-29,235.8185
2008-03-03,228.7317
2008-03-04,222.5156
2008-03-05,224.0671
2008-03-06,216.5599
2008-03-07,216.8852
2008-03-10,207.0106
2008-03-11,220.1333
2008-03-12,220.3035
2008-03-13,221.7199
2008-03-14,219.1724
2008-03-17,210.1386
2008-03-18,219.793
2008-03-19,216.2095
2008-03-20,216.9853
2008-03-24,230.5034
2008-03-25,225.6086
2008-03-26,229.3172
2008-03-27,222.2554
2008-03-28,219.2525
2008-03-31,220.4486
2008-04-01,233.0809
2008-04-02,233.0759
2008-04-03,227.7807
2008-04-04,235.7735
2008-04-07,238.6413
2008-04-08,234.1319
2008-04-09,232.3201
2008-04-10,234.7675
2008-04-11,228.9469
2008-04-14,226.0491
2008-04-15,223.6367
2008-04-16,227.7357
2008-04-17,224.988
2008-04-18,269.9666
2008-04-21,269.1558
2008-04-22,277.7692
2008-04-23,273.51
2008-04-24,271.7834
2008-04-25,272.2939
2008-04-28,276.3278
2008-04-29,279.5059
2008-04-30,287.4235
2008-05-01,296.8276
2008-05-02,290.9269
2008-05-05,297.7385
2008-05-06,293.4644
2008-05-07,289.7808
2008-05-08,291.7878
2008-05-09,286.878
2008-05-12,292.7537
2008-05-13,291.7828
2008-05-14,288.4295
2008-05-15,290.7818
2008-05-16,290.3164
2008-05-19,289.0401
2008-05-20,289.5806
2008-05-21,275.2618
2008-05-22,274.9965
2008-05-23,272.5741
2008-05-27,280.722
2008-05-28,284.3956
2008-05-29,291.7828
2008-05-30,293.1841
2008-06-02,287.7789
2008-06-03,283.9251
2008-06-04,286.3875
2008-06-05,293.4344
2008-06-06,283.775
2008-06-09,279.2056
2008-06-10,277.3538
2008-06-11,272.8644
2008-06-12,276.7432
2008-06-13,286.0322
2008-06-16,286.6828
2008-06-17,285.0062
2008-06-18,281.4628
2008-06-19,280.3717
2008-06-20,273.48
2008-06-23,272.8694
2008-06-24,271.413
2008-06-25,275.7672
2008-06-26,264.6665
2008-06-27,264.2911
2008-06-30,263.4653
2008-07-01,267.6243
2008-07-02,263.7756
2008-07-03,268.7604
2008-07-07,272.2188
2008-07-08,277.534
2008-07-09,271.0376
2008-07-10,270.5472
2008-07-11,267.1589
2008-07-14,261.063
2008-07-15,258.2953
2008-07-16,268.0598
2008-07-17,266.9787
2008-07-18,240.8934
2008-07-21,234.6274
2008-07-22,238.7864
2008-07-23,244.8473
2008-07-24,238.0407
2008-07-25,246.2286
2008-07-28,238.7914
2008-07-29,241.7893
2008-07-30,241.5841
2008-07-31,237.1048
2008-08-01,234.1569
2008-08-04,231.7246
2008-08-05,240.1577
2008-08-06,243.4059
2008-08-07,239.7924
2008-08-08,247.7451
2008-08-11,250.6629
2008-08-12,251.5488
2008-08-13,250.2575
2008-08-14,252.9902
2008-08-15,255.3224
2008-08-18,249.3917
2008-08-19,245.4879
2008-08-20,242.7352
2008-08-21,243.501
2008-08-22,245.5329
2008-08-25,241.7393
2008-08-26,237.31
2008-08-27,234.5173
2008-08-28,237.1198
2008-08-29,231.8697
2008-09-02,232.8507
2008-09-03,232.4302
2008-09-04,225.3484
2008-09-05,222.3405
2008-09-08,210.1787
2008-09-09,209.5331
2008-09-10,207.2809
2008-09-11,217.0854
2008-09-12,219.0423
2008-09-15,217.1404
2008-09-16,221.6798
2008-09-17,207.446
2008-09-18,219.7529
2008-09-19,224.7928
2008-09-22,215.2786
2008-09-23,214.8432
2008-09-24,217.766
2008-09-25,220.0132
2008-09-26,215.7291
2008-09-29,190.6848
2008-09-30,200.4543
2008-10-01,206.0597
2008-10-02,195.4344
2008-10-03,193.6427
2008-10-06,185.785
2008-10-07,173.1728
2008-10-08,169.219
2008-10-09,164.6496
2008-10-10,166.161
2008-10-13,190.6948
2008-10-14,181.5309
2008-10-15,169.7495
2008-10-16,176.6812
2008-10-17,186.4507
2008-10-20,189.844
2008-10-21,181.5509
2008-10-22,178.0075
2008-10-23,176.3309
2008-10-24,169.8096
2008-10-27,164.9048
2008-10-28,184.5538
2008-10-29,179.1736
2008-10-30,180.0195
2008-10-31,179.8543
2008-11-03,173.413
2008-11-04,183.648
2008-11-05,171.286
2008-11-06,165.7706
2008-11-07,165.7306
2008-11-10,159.5446
2008-11-11,155.8811
2008-11-12,145.6411
2008-11-13,156.1914
2008-11-14,155.1604
2008-11-17,150.2056
2008-11-18,148.8543
2008-11-19,140.2259
2008-11-20,129.9059
2008-11-21,131.3423
2008-11-24,128.8449
2008-11-25,141.1618
2008-11-26,146.1867
2008-11-28,146.6221
2008-12-01,133.124
2008-12-02,137.6884
2008-12-03,139.8505
2008-12-04,137.3031
2008-12-05,142.1327
2008-12-08,151.2015
2008-12-09,153.1334
2008-12-10,154.5598
2008-12-11,150.2556
2008-12-12,158.0331
2008-12-15,155.4857
2008-12-16,162.7978
2008-12-17,157.7729
2008-12-18,155.2905
2008-12-19,155.2354
2008-12-22,148.6991
2008-12-23,149.1545
2008-12-24,151.6219
2008-12-26,150.3257
2008-12-29,148.8543
2008-12-30,151.702
2008-12-31,153.9742
2009-01-02,160.8158
2009-01-05,164.1841
2009-01-06,167.192
2009-01-07,161.1612
2009-01-08,162.7527
2009-01-09,157.6878
2009-01-12,156.4966
2009-01-13,157.3125
2009-01-14,150.631
2009-01-15,149.64
2009-01-16,149.9803
2009-01-20,141.5121
2009-01-21,151.687
2009-01-22,153.3987
2009-01-23,162.5075
2009-01-26,162.0921
2009-01-27,165.9008
2009-01-28,174.5041
2009-01-29,171.8265
2009-01-30,169.4292
2009-02-02,170.4502
2009-02-03,170.3901
2009-02-04,171.6664
2009-02-05,177.0316
2009-02-06,185.8201
2009-02-09,189.5687
2009-02-10,179.4289
2009-02-11,179.1936
2009-02-12,181.7011
2009-02-13,179.0135
2009-02-17,171.4962
2009-02-18,176.7263
2009-02-19,171.4862
2009-02-20,173.393
2009-02-23,165.1901
2009-02-24,172.8925
2009-02-25,170.9857
2009-02-26,168.7535
2009-02-27,169.1589
2009-03-02,163.7387
2009-03-03,162.8979
2009-03-04,159.6147
2009-03-05,152.9682
2009-03-06,154.4347
2009-03-09,145.5861
2009-03-10,154.2345
2009-03-11,159.1092
2009-03-12,161.9219
2009-03-13,162.3673
2009-03-16,160.0
2009-03-17,167.8326
2009-03-18,166.7115
2009-03-19,165.13
2009-03-20,165.2401
2009-03-23,174.4696
2009-03-24,173.7509
2009-03-25,172.2019
2009-03-26,176.8163
2009-03-27,174.0186
2009-03-30,171.5112
2009-03-31,174.1988
2009-04-01,177.2167
2009-04-02,181.4258
2009-04-03,185.0693
2009-04-06,184.2986
2009-04-07,179.499
2009-04-08,181.1756
2009-04-09,186.4307
2009-04-13,189.2384
2009-04-14,184.6339
2009-04-15,189.9341
2009-04-16,194.5585
2009-04-17,196.3102
2009-04-20,189.834
2009-04-21,190.92
2009-04-22,192.1162
2009-04-23,192.5316
2009-04-24,194.9339
2009-04-27,193.1622
2009-04-28,192.0411
2009-04-29,195.9249
2009-04-30,198.1771
2009-05-01,197.0359
2009-05-04,201.1846
2009-05-05,201.6904
2009-05-06,201.9307
2009-05-07,198.4974
2009-05-08,203.8626
2009-05-11,204.1879
2009-05-12,199.6985
2009-05-13,194.9589
2009-05-14,193.9379
2009-05-15,195.1892
2009-05-18,198.6125
2009-05-19,199.6335
2009-05-20,198.7826
2009-05-21,198.4423
2009-05-22,196.9409
2009-05-26,202.3761
2009-05-27,202.9767
2009-05-28,205.399
2009-05-29,208.8174
2009-06-01,213.4869
2009-06-02,214.4078
2009-06-03,216.0343
2009-06-04,220.3535
2009-06-05,222.3755
2009-06-08,219.5978
2009-06-09,218.0213
2009-06-10,216.5098
2009-06-11,214.7081
2009-06-12,212.626
2009-06-15,208.5871
2009-06-16,208.2018
2009-06-17,207.7814
2009-06-18,207.2308
2009-06-19,210.2487
2009-06-22,203.8726
2009-06-23,203.0368
2009-06-24,204.8435
2009-06-25,208.0866
2009-06-26,212.8663
2009-06-29,212.2757
2009-06-30,210.9995
2009-07-01,209.6982
2009-07-02,204.4431
2009-07-06,205.0037
2009-07-07,198.5074
2009-07-08,201.4402
2009-07-09,205.394
2009-07-10,207.401
2009-07-13,212.3558
2009-07-14,212.551
2009-07-15,219.2975
2009-07-16,221.5147
2009-07-17,215.3337
2009-07-20,215.2936
2009-07-21,214.1575
2009-07-22,214.0524
2009-07-23,218.8831
2009-07-24,223.5767
2009-07-27,222.6157
2009-07-28,220.1383
2009-07-29,218.3316
2009-07-30,223.0361
2009-07-31,221.7399
2009-08-03,226.3243
2009-08-04,227.0871
2009-08-05,225.7888
2009-08-06,225.3984
2009-08-07,228.7717
2009-08-10,228.5265
2009-08-11,227.1882
2009-08-12,229.5124
2009-08-13,231.3642
2009-08-14,230.2231
2009-08-17,222.6608
2009-08-18,222.856
2009-08-19,222.2003
2009-08-20,230.4283
2009-08-21,232.8456
2009-08-24,234.5923
2009-08-25,235.9136
2009-08-26,234.227
2009-08-27,233.256
2009-08-28,232.6004
2009-08-31,231.0589
2009-09-01,228.1015
2009-09-02,226.7247
2009-09-03,228.9819
2009-09-04,230.8737
2009-09-08,229.5324
2009-09-09,232.21
2009-09-10,235.6984
2009-09-11,236.299
2009-09-14,237.7904
2009-09-15,239.0016
2009-09-16,244.3818
2009-09-17,246.0985
2009-09-18,245.9684
2009-09-21,248.7411
2009-09-22,249.772
2009-09-23,249.4717
2009-09-24,248.6259
2009-09-25,246.4788
2009-09-28,249.5068
2009-09-29,249.5068
2009-09-30,248.1655
2009-10-01,243.8363
2009-10-02,242.525
2009-10-05,244.4969
2009-10-06,249.6119
2009-10-07,259.021
2009-10-08,257.3394
2009-10-09,258.3754
2009-10-12,262.2742
2009-10-13,263.3102
2009-10-14,267.9196
2009-10-15,265.212
2009-10-16,275.1917
2009-10-19,276.3128
2009-10-20,276.1276
2009-10-21,275.8173
2009-10-22,277.3137
2009-10-23,277.1135
2009-10-26,277.3738
2009-10-27,274.4109
2009-10-28,270.4121
2009-10-29,275.7923
2009-10-30,268.32
2009-11-02,267.254
2009-11-03,268.9056
2009-11-04,270.4271
2009-11-05,274.5911
2009-11-06,275.8173
2009-11-09,281.5278
2009-11-10,283.6549
2009-11-11,285.5567
2009-11-12,284.2004
2009-11-13,286.3024
2009-11-16,288.4195
2009-11-17,289.0251
2009-11-18,288.6047
2009-11-19,286.7729
2009-11-20,285.2584
2009-11-23,291.4574
2009-11-24,291.8278
2009-11-25,293.1541
2009-11-27,290.1612
2009-11-30,291.7828
2009-12-01,295.2211
2009-12-02,294.0399
2009-12-03,293.1541
2009-12-04,292.7887
2009-12-07,293.4093
2009-12-08,293.8097
2009-12-09,294.7957
2009-12-10,296.0369
2009-12-11,295.5414
2009-12-14,298.1539
2009-12-15,296.8577
2009-12-16,299.1699
2009-12-17,297.2581
2009-12-18,298.4993
2009-12-21,299.6304
2009-12-22,300.8515
2009-12-23,306.1367
2009-12-24,309.54
2009-12-28,311.7371
2009-12-29,310.0004
2009-12-30,311.667
2009-12-31,310.2907
2010-01-04,313.679
2010-01-05,312.2976
2010-01-06,304.425
2010-01-07,297.3381
2010-01-08,301.302
2010-01-11,300.8465
2010-01-12,295.5264
2010-01-13,293.8297
2010-01-14,295.2111
2010-01-15,290.2813
2010-01-19,294.095
2010-01-20,290.4865
2010-01-21,291.7727
2010-01-22,275.2717
2010-01-25,270.2619
2010-01-26,271.4731
2010-01-27,271.3129
2010-01-28,267.4041
2010-01-29,265.229
2010-02-01,266.7685
2010-02-02,265.8176
2010-02-03,270.6723
2010-02-04,263.6445
2010-02-05,265.9027
2010-02-08,266.9937
2010-02-09,268.4802
2010-02-10,267.4817
2010-02-11,268.4601
2010-02-12,266.8186
2010-02-16,270.9125
2010-02-17,269.3645
2010-02-18,271.8735
2010-02-19,270.6438
2010-02-22,271.6633
2010-02-23,267.7945
2010-02-24,265.9928
2010-02-25,263.4703
2010-02-26,263.6555
2010-03-01,266.6033
2010-03-02,270.7924
2010-03-03,272.9245
2010-03-04,277.564
2010-03-05,282.3786
2010-03-08,281.5128
2010-03-09,280.3667
2010-03-10,288.5046
2010-03-11,290.8519
2010-03-12,290.0511
2010-03-15,281.8631
2010-03-16,282.8741
2010-03-17,283.0543
2010-03-18,283.4747
2010-03-19,280.2716
2010-03-22,279.0204
2010-03-23,274.7663
2010-03-24,278.9353
2010-03-25,281.713
2010-03-26,281.6179
2010-03-29,281.4978
2010-03-30,283.6298
2010-03-31,283.8351
2010-04-01,284.6759
2010-04-05,285.7819
2010-04-06,284.3856
2010-04-07,282.0433
2010-04-08,284.0202
2010-04-09,283.3846
2010-04-12,286.6428
2010-04-13,293.6696
2010-04-14,294.7857
2010-04-15,297.9387
2010-04-16,275.3393
2010-04-19,275.3168
2010-04-20,277.7892
2010-04-21,277.4188
2010-04-22,273.7953
2010-04-23,272.7593
2010-04-26,266.0779
2010-04-27,264.7866
2010-04-28,264.8517
2010-04-29,266.258
2010-04-30,263.1025
2010-05-03,265.5573
2010-05-04,253.4306
2010-05-05,255.1272
2010-05-06,249.5769
2010-05-07,246.8092
2010-05-10,261.078
2010-05-11,254.7719
2010-05-12,252.9401
2010-05-13,255.6878
2010-05-14,254.0111
2010-05-17,254.2314
2010-05-18,249.4267
2010-05-19,247.4548
2010-05-20,237.7354
2010-05-21,236.2539
2010-05-24,238.8114
2010-05-25,238.7664
2010-05-26,237.9656
2010-05-27,245.4679
2010-05-28,243.0505
2010-06-01,241.4189
2010-06-02,246.9243
2010-06-03,253.0452
2010-06-04,249.6019
2010-06-07,242.9955
2010-06-08,242.6251
2010-06-09,237.2399
2010-06-10,243.7412
2010-06-11,244.4869
2010-06-14,241.8294
2010-06-15,249.2365
2010-06-16,250.8781
2010-06-17,250.2825
2010-06-18,250.2575
2010-06-21,244.517
2010-06-22,243.3608
2010-06-23,241.2588
2010-06-24,237.7804
2010-06-25,236.5693
2010-06-28,236.269
2010-06-29,227.3503
2010-06-30,222.6908
2010-07-01,219.9581
2010-07-02,218.4867
2010-07-06,218.2465
2010-07-07,225.3184
2010-07-08,228.5014
2010-07-09,233.9717
2010-07-12,238.1458
2010-07-13,244.8373
2010-07-14,245.9063
2010-07-15,247.2496
2010-07-16,230.0254
2010-07-19,233.3161
2010-07-20,241.0286
2010-07-21,238.9816
2010-07-22,242.6401
2010-07-23,245.2677
2010-07-26,244.7221
2010-07-27,246.5539
2010-07-28,242.4099
2010-07-29,242.7302
2010-07-30,242.6601
2010-08-02,245.4428
2010-08-03,245.1526
2010-08-04,253.4056
2010-08-05,254.2964
2010-08-06,250.3526
2010-08-09,252.9201
2010-08-10,252.0993
2010-08-11,246.1085
2010-08-12,246.2436
2010-08-13,243.4109
2010-08-16,243.0305
2010-08-17,245.4979
2010-08-18,241.3088
2010-08-19,234.212
2010-08-20,231.2341
2010-08-23,232.2601
2010-08-24,225.9139
2010-08-25,227.5305
2010-08-26,225.7087
2010-08-27,229.6375
2010-08-30,226.5645
2010-08-31,225.2283
2010-09-01,230.3908
2010-09-02,231.8146
2010-09-03,235.3781
2010-09-07,232.4252
2010-09-08,235.5182
2010-09-09,238.321
2010-09-10,238.3009
2010-09-13,241.3689
2010-09-14,240.448
2010-09-15,240.5531
2010-09-16,240.7633
2010-09-17,245.3127
2010-09-20,254.3865
2010-09-21,256.979
2010-09-22,258.2503
2010-09-23,256.989
2010-09-24,263.9007
2010-09-27,265.4622
2010-09-28,263.8407
2010-09-29,264.1009
2010-09-30,263.15
2010-10-01,263.0649
2010-10-04,261.4283
2010-10-05,269.376
2010-10-06,267.4342
2010-10-07,265.262
2010-10-08,268.4351
2010-10-11,269.6813
2010-10-12,270.9576
2010-10-13,271.9135
2010-10-14,270.7274
2010-10-15,301.0167
2010-10-18,309.1546
2010-10-19,304.2098
2010-10-20,304.2849
2010-10-21,306.2918
2010-10-22,306.5621
2010-10-25,308.549
2010-10-26,309.6
2010-10-27,308.534
2010-10-28,309.59
2010-10-29,307.1476
2010-11-01,307.7983
2010-11-02,308.0986
2010-11-03,310.3908
2010-11-04,312.4378
2010-11-05,312.8432
2010-11-08,313.689
2010-11-09,312.713
2010-11-10,311.7421
2010-11-11,308.8943
2010-11-12,301.9376
2010-11-15,298.0238
2010-11-16,292.1431
2010-11-17,292.058
2010-11-18,298.5693
2010-11-19,295.7015
2010-11-22,295.8967
2010-11-23,291.7878
2010-11-24,297.7736
2010-11-26,295.2862
2010-11-29,291.3373
2010-11-30,278.1245
2010-12-01,282.4487
2010-12-02,286.1873
2010-12-03,286.7779
2010-12-06,289.4605
2010-12-07,293.8548
2010-12-08,295.5564
2010-12-09,296.0369
2010-12-10,296.3922
2010-12-13,297.5984
2010-12-14,297.7435
2010-12-15,295.4363
2010-12-16,296.142
2010-12-17,295.6865
2010-12-20,297.8186
2010-12-21,301.8275
2010-12-22,303.0387
2010-12-23,302.4081
2010-12-27,301.4821
2010-12-28,299.7505
2010-12-29,300.7915
2010-12-30,299.7205
2010-12-31,297.2731
2011-01-03,302.4681
2011-01-04,301.352
2011-01-05,304.8304
2011-01-06,307.0476
2011-01-07,308.519
2011-01-10,307.4029
2011-01-11,308.3038
2011-01-12,308.7342
2011-01-13,308.6441
2011-01-14,312.3927
2011-01-18,320.1252
2011-01-19,316.1814
2011-01-20,313.689
2011-01-21,306.2117
2011-01-24,305.8364
2011-01-25,310.2557
2011-01-26,308.549
2011-01-27,308.6941
2011-01-28,300.7865
2011-01-31,300.4712
2011-02-01,305.8163
2011-02-02,306.2968
2011-02-03,305.3709
2011-02-04,305.7863
2011-02-07,307.4454
2011-02-08,309.4899
2011-02-09,308.549
2011-02-10,308.519
2011-02-11,312.5529
2011-02-14,314.3797
2011-02-15,312.3777
2011-02-16,312.4128
2011-02-17,312.9332
2011-02-18,315.3456
2011-02-22,305.401
2011-02-23,305.9565
2011-02-24,304.7053
2011-02-25,305.3159
2011-02-28,306.9975
2011-03-01,300.6714
2011-03-02,300.6864
2011-03-03,305.0756
2011-03-04,300.6013
2011-03-07,296.117
2011-03-08,296.4423
2011-03-09,296.172
2011-03-10,290.4314
2011-03-11,288.6347
2011-03-14,285.2715
2011-03-15,285.0562
2011-03-16,278.8202
2011-03-17,280.9523
2011-03-18,280.8021
2011-03-21,288.5296
2011-03-22,288.94
2011-03-23,291.3623
2011-03-24,293.7296
2011-03-25,290.1512
2011-03-28,287.959
2011-03-29,291.1471
2011-03-30,291.2022
2011-03-31,293.6646
2011-04-01,296.187
2011-04-04,294.125
2011-04-05,284.821
2011-04-06,287.3685
2011-04-07,290.2813
2011-04-08,289.3604
2011-04-11,288.965
2011-04-12,285.5817
2011-04-13,288.4195
2011-04-14,289.5356
2011-04-15,265.6074
2011-04-18,263.6755
2011-04-19,261.0179
2011-04-20,263.12
2011-04-21,262.8047
2011-04-25,262.7797
2011-04-26,266.6684
2011-04-27,269.1408
2011-04-28,269.2459
2011-04-29,272.3139
2011-05-02,269.5412
2011-05-03,267.2039
2011-05-04,268.1549
2011-05-05,267.3941
2011-05-06,267.9096
2011-05-09,269.1008
2011-05-10,271.5932
2011-05-11,267.9847
2011-05-12,267.7845
2011-05-13,265.0318
2011-05-16,259.4614
2011-05-17,265.4873
2011-05-18,265.162
2011-05-19,265.8827
2011-05-20,262.2692
2011-05-23,259.4464
2011-05-24,259.3814
2011-05-25,260.087
2011-05-26,259.3163
2011-05-27,260.7026
2011-05-31,264.7666
2011-06-01,263.0549
2011-06-02,264.2861
2011-06-03,261.7937
2011-06-06,260.7827
2011-06-07,259.7667
2011-06-08,259.8368
2011-06-09,258.6156
2011-06-10,254.9996
2011-06-13,252.6098
2011-06-14,254.4316
2011-06-15,251.7189
2011-06-16,250.4277
2011-06-17,242.7452
2011-06-20,242.525
2011-06-21,246.7391
2011-06-22,243.7387
2011-06-23,240.3429
2011-06-24,237.6703
2011-06-27,241.6342
2011-06-28,247.0644
2011-06-29,249.0263
2011-06-30,253.4356
2011-07-01,260.7667
2011-07-05,266.4782
2011-07-06,267.9396
2011-07-07,273.5651
2011-07-08,266.253
2011-07-11,263.8957
2011-07-12,267.264
2011-07-13,269.3911
2011-07-14,264.7265
2011-07-15,299.0999
2011-07-18,297.7586
2011-07-19,301.5672
2011-07-20,297.9637
2011-07-21,303.7894
2011-07-22,309.4148
2011-07-25,309.7902
2011-07-26,311.5619
2011-07-27,303.9045
2011-07-28,305.7663
2011-07-29,302.1378
2011-08-01,303.6793
2011-08-02,296.4873
2011-08-03,300.8766
2011-08-04,289.0401
2011-08-05,289.8008
2011-08-08,273.2748
2011-08-09,286.9831
2011-08-10,274.7713
2011-08-11,281.3376
2011-08-12,282.1584
2011-08-15,278.8853
2011-08-16,269.7614
2011-08-17,266.8336
2011-08-18,252.6849
2011-08-19,245.6981
2011-08-22,249.3266
2011-08-23,259.6616
2011-08-24,261.8988
2011-08-25,260.2722
2011-08-26,263.6855
2011-08-29,269.8014
2011-08-30,270.6122
2011-08-31,270.7424
2011-09-01,266.5083
2011-09-02,262.6746
2011-09-06,261.3433
2011-09-07,267.274
2011-09-08,267.7395
2011-09-09,262.6796
2011-09-12,265.3171
2011-09-13,265.0168
2011-09-14,266.293
2011-09-15,271.5431
2011-09-16,273.6051
2011-09-19,273.6001
2011-09-20,273.5776
2011-09-21,269.8615
2011-09-22,260.5825
2011-09-23,263.0099
2011-09-26,266.203
2011-09-27,269.9316
2011-09-28,264.6765
2011-09-29,264.0058
2011-09-30,257.7698
2011-10-03,248.0003
2011-10-04,251.1934
2011-10-05,252.5948
2011-10-06,257.6046
2011-10-07,257.8098
2011-10-10,268.8455
2011-10-11,271.8534
2011-10-12,274.516
2011-10-13,279.7661
2011-10-14,296.127
2011-10-17,291.4875
2011-10-18,295.5414
2011-10-19,290.6316
2011-10-20,292.1181
2011-10-21,295.5314
2011-10-24,298.4993
2011-10-25,291.8628
2011-10-26,293.4394
2011-10-27,299.6254
2011-10-28,300.3611
2011-10-31,296.6074
2011-11-01,289.6057
2011-11-02,292.6936
2011-11-03,299.0398
2011-11-04,298.3591
2011-11-07,304.46
2011-11-08,306.467
2011-11-09,300.7665
2011-11-10,297.8286
2011-11-11,304.4701
2011-11-14,306.7973
2011-11-15,308.579
2011-11-16,306.0316
2011-11-17,300.7264
2011-11-18,297.7285
2011-11-21,290.7518
2011-11-22,290.2813
2011-11-23,285.3315
2011-11-25,281.7731
2011-11-28,294.3803
2011-11-29,291.7477
2011-11-30,299.9857
2011-12-01,307.1827
2011-12-02,310.4809
2011-12-05,313.1284
2011-12-06,312.1875
2011-12-07,311.9973
2011-12-08,308.3238
2011-12-09,314.0143
2011-12-12,312.9983
2011-12-13,313.1184
2011-12-14,309.3348
2011-12-15,310.0705
2011-12-16,313.2836
2011-12-19,311.2166
2011-12-20,315.4907
2011-12-21,313.2135
2011-12-22,315.1554
2011-12-23,316.8771
2011-12-27,320.4355
2011-12-28,320.1603
2011-12-29,321.5116
2011-12-30,323.2633
2012-01-03,333.0277
2012-01-04,334.4641
2012-01-05,329.8246
2012-01-06,325.3253
2012-01-09,311.5319
2012-01-10,311.8722
2012-01-11,313.2836
2012-01-12,315.1254
2012-01-13,312.7981
2012-01-17,314.5949
2012-01-18,316.762
2012-01-19,320.0952
2012-01-20,293.2792
2012-01-23,293.044
2012-01-24,290.7468
2012-01-25,285.0212
2012-01-26,284.3255
2012-01-27,290.2713
2012-01-30,289.1252
2012-01-31,290.3363
2012-02-01,290.6967
2012-02-02,292.8388
2012-02-03,298.4542
2012-02-06,304.8404
2012-02-07,303.6793
2012-02-08,305.2208
2012-02-09,306.0266
2012-02-10,303.2489
2012-02-13,306.3969
2012-02-14,305.1757
2012-02-15,303.0737
2012-02-16,303.5542
2012-02-17,302.6132
2012-02-21,307.2978
2012-02-22,304.2649
2012-02-23,303.349
2012-02-24,305.2458
2012-02-27,304.9505
2012-02-28,309.4949
2012-02-29,309.4248
2012-03-01,311.5019
2012-03-02,310.9263
2012-03-05,307.4229
2012-03-06,302.7734
2012-03-07,303.6943
2012-03-08,303.8645
2012-03-09,300.4161
2012-03-12,302.8685
2012-03-13,309.1896
2012-03-14,308.2938
2012-03-15,310.8662
2012-03-16,312.8231
2012-03-19,317.2975
2012-03-20,317.0522
2012-03-21,320.3004
2012-03-22,323.3383
2012-03-23,321.6067
2012-03-26,324.9799
2012-03-27,323.8238
2012-03-28,328.198
2012-03-29,324.5195
2012-03-30,320.931
2012-04-02,323.7738
2012-04-03,321.6217
2012-04-04,317.8831
2012-04-05,316.4667
2012-04-09,315.726
2012-04-10,313.734
2012-04-11,318.2884
2012-04-12,325.8207
2012-04-13,312.6029
2012-04-16,303.3289
2012-04-17,305.0806
2012-04-18,304.0196
2012-04-19,299.9407
2012-04-20,298.3191
2012-04-23,299.0898
2012-04-24,300.9266
2012-04-25,305.1557
2012-04-26,308.0335
2012-04-27,307.7883
2012-04-30,302.7183
2012-05-01,302.5082
2012-05-02,303.9245
2012-05-03,305.8063
2012-05-04,298.7745
2012-05-07,304.0697
2012-05-08,306.6922
2012-05-09,304.8704
2012-05-10,307.1276
2012-05-11,302.9085
2012-05-14,302.2929
2012-05-15,305.8514
2012-05-16,314.77
2012-05-17,311.8272
2012-05-18,300.4912
2012-05-21,307.3528
2012-05-22,300.6914
2012-05-23,305.0256
2012-05-24,302.1228
2012-05-25,296.0519
2012-05-29,297.4583
2012-05-30,294.4003
2012-05-31,290.7117
2012-06-01,285.7669
2012-06-04,289.5756
2012-06-05,285.4817
2012-06-06,290.5666
2012-06-07,289.3954
2012-06-08,290.5065
2012-06-11,284.5257
2012-06-12,282.8241
2012-06-13,280.8171
2012-06-14,279.7961
2012-06-15,282.5288
2012-06-18,285.7019
2012-06-19,291.047
2012-06-20,289.0351
2012-06-21,282.8791
2012-06-22,286.0172
2012-06-25,280.6219
2012-06-26,282.6139
2012-06-27,284.9261
2012-06-28,282.4287
2012-06-29,290.3163
2012-07-02,290.5165
2012-07-03,294.2001
2012-07-05,298.249
2012-07-06,293.2742
2012-07-09,293.2892
2012-07-10,291.1321
2012-07-11,285.872
2012-07-12,285.5167
2012-07-13,288.5396
2012-07-16,287.7388
2012-07-17,288.6447
2012-07-18,290.6617
2012-07-19,296.8176
2012-07-20,305.7063
2012-07-23,308.0535
2012-07-24,304.0797
2012-07-25,304.2899
2012-07-26,306.9775
2012-07-27,317.788
2012-07-30,316.4567
2012-07-31,316.792
2012-08-01,316.6468
2012-08-02,314.6799
2012-08-03,320.976
2012-08-06,321.7218
2012-08-07,320.5807
2012-08-08,321.4265
2012-08-09,321.4865
2012-08-10,321.3114
2012-08-13,330.3251
2012-08-14,334.6543
2012-08-15,334.0938
2012-08-16,336.7613
2012-08-17,338.8984
2012-08-20,338.0976
2012-08-21,335.0797
2012-08-22,338.9184
2012-08-23,338.7283
2012-08-24,339.6441
2012-08-27,334.9346
2012-08-28,338.9535
2012-08-29,344.3387
2012-08-30,341.1706
2012-08-31,342.8773
2012-09-04,340.8503
2012-09-05,340.6902
2012-09-06,350.0392
2012-09-07,353.4175
2012-09-10,350.7249
2012-09-11,346.4307
2012-09-12,345.7751
2012-09-13,353.3624
2012-09-14,355.1842
2012-09-17,355.3343
2012-09-18,359.4884
2012-09-19,364.1028
2012-09-20,364.4114
2012-09-21,367.351
2012-09-24,375.0534
2012-09-25,374.9433
2012-09-26,377.0954
2012-09-27,378.6169
2012-09-28,377.6159
2012-10-01,381.2595
2012-10-02,378.8621
2012-10-03,381.6198
2012-10-04,384.3975
2012-10-05,384.1973
2012-10-08,379.2876
2012-10-09,372.4059
2012-10-10,372.6411
2012-10-11,376.1045
2012-10-12,372.7362
2012-10-15,370.8494
2012-10-16,372.7112
2012-10-17,378.1114
2012-10-18,347.8371
2012-10-19,341.2257
2012-10-22,339.6642
2012-10-23,340.505
2012-10-24,338.9796
2012-10-25,339.2087
2012-10-26,337.9024
2012-10-31,340.4787
2012-11-01,344.1285
2012-11-02,344.2926
2012-11-05,341.8112
2012-11-06,341.1906
2012-11-07,333.8836
2012-11-08,326.4614
2012-11-09,331.8366
2012-11-12,333.273
2012-11-13,329.8462
2012-11-14,326.5915
2012-11-15,323.9439
2012-11-16,323.9039
2012-11-19,334.4291
2012-11-20,335.3099
2012-11-21,333.2579
2012-11-23,334.309
2012-11-26,330.8957
2012-11-27,335.6803
2012-11-28,342.1666
2012-11-29,346.2806
2012-11-30,349.5237
2012-12-03,347.9622
2012-12-04,345.8501
2012-12-05,344.2436
2012-12-06,345.9002
2012-12-07,342.4368
2012-12-10,343.0424
2012-12-11,348.778
2012-12-12,349.1183
2012-12-13,351.6908
2012-12-14,351.322
2012-12-17,360.7396
2012-12-18,360.8847
2012-12-19,360.4042
2012-12-20,361.5303
2012-12-21,358.1621
2012-12-24,355.0941
2012-12-26,354.7788
2012-12-27,353.4875
2012-12-28,350.3445
2012-12-31,354.0331
2013-01-02,361.9758
2013-01-03,362.186
2013-01-04,369.3429
2013-01-07,367.7314
2013-01-08,367.0057
2013-01-09,369.417
2013-01-10,371.0996
2013-01-11,370.3539
2013-01-14,361.9758
2013-01-15,362.8166
2013-01-16,357.9419
2013-01-17,356.005
2013-01-18,352.5967
2013-01-22,351.7759
2013-01-23,371.1096
2013-01-24,377.2806
2013-01-25,377.2005
2013-01-28,375.7291
2013-01-29,377.2055
2013-01-30,377.2806
2013-01-31,378.2115
2013-02-01,388.1762
2013-02-04,379.8781
2013-02-05,383.2414
2013-02-06,385.4585
2013-02-07,387.3504
2013-02-08,393.0659
2013-02-11,391.5895
2013-02-12,390.7286
2013-02-13,391.8097
2013-02-14,394.2921
2013-02-15,396.8295
2013-02-19,403.8163
2013-02-20,396.6143
2013-02-21,398.1508
2013-02-22,400.2429
2013-02-25,395.7685
2013-02-26,395.4482
2013-02-27,400.2779
2013-02-28,400.9886
2013-03-01,403.486
2013-03-04,411.1504
2013-03-05,419.7087
2013-03-06,416.0932
2013-03-07,416.7018
2013-03-08,416.1633
2013-03-11,417.8149
2013-03-12,414.2064
2013-03-13,413.0553
2013-03-14,411.1685
2013-03-15,407.5459
2013-03-18,404.2868
2013-03-19,406.0535
2013-03-20,407.7491
2013-03-21,406.0235
2013-03-22,405.548
2013-03-25,405.2127
2013-03-26,406.604
2013-03-27,401.7193
2013-03-28,397.4792
2013-04-01,400.9836
2013-04-02,406.9143
2013-04-03,403.492
2013-04-04,397.9206
2013-04-05,391.9048
2013-04-08,387.8008
2013-04-09,389.2022
2013-04-10,395.4732
2013-04-11,395.5783
2013-04-12,395.4082
2013-04-15,391.3442
2013-04-16,397.0698
2013-04-17,391.6595
2013-04-18,383.3285
2013-04-19,400.3229
2013-04-22,400.4451
2013-04-23,404.3418
2013-04-24,407.1215
2013-04-25,404.9424
2013-04-26,401.0987
2013-04-29,409.9272
2013-04-30,412.6849
2013-05-01,410.6129
2013-05-02,415.2074
2013-05-03,423.2702
2013-05-06,431.1929
2013-05-07,429.0308
2013-05-08,437.2387
2013-05-09,436.1627
2013-05-10,440.5419
2013-05-13,439.1906
2013-05-14,443.9802
2013-05-15,458.3892
2013-05-16,452.3734
2013-05-17,455.031
2013-05-20,454.7056
2013-05-21,453.9249
2013-05-22,445.1414
2013-05-23,441.8231
2013-05-24,437.0836
2013-05-28,441.0624
2013-05-29,434.5761
2013-05-30,435.8023
2013-05-31,436.0315
2013-06-03,434.2358
2013-06-04,429.9667
2013-06-05,430.267
2013-06-06,432.7394
2013-06-07,440.2917
2013-06-10,445.5418
2013-06-11,440.3317
2013-06-12,436.4129
2013-06-13,438.9253
2013-06-14,437.9444
2013-06-17,443.5548
2013-06-18,450.7468
2013-06-19,450.7768
2013-06-20,442.7991
2013-06-21,440.8922
2013-06-24,435.3168
2013-06-25,433.5201
2013-06-26,437.2487
2013-06-27,438.9604
2013-06-28,440.612
2013-07-01,444.3706
2013-07-02,441.5829
2013-07-03,443.6449
2013-07-05,447.1783
2013-07-08,452.984
2013-07-09,453.059
2013-07-10,453.4344
2013-07-11,460.5663
2013-07-12,461.9477
2013-07-15,462.7935
2013-07-16,460.25
2013-07-17,459.7205
2013-07-18,455.7817
2013-07-19,448.7339
2013-07-22,455.7917
2013-07-23,452.3383
2013-07-24,451.8879
2013-07-25,444.2805
2013-07-26,443.1044
2013-07-29,441.5629
2013-07-30,445.8921
2013-07-31,444.3056
2013-08-01,452.5485
2013-08-02,453.7247
2013-08-05,452.9389
2013-08-06,448.7198
2013-08-07,445.757
2013-08-08,446.7629
2013-08-09,445.6368
2013-08-12,443.1845
2013-08-13,441.0524
2013-08-14,435.3269
2013-08-15,430.2469
2013-08-16,428.8696
2013-08-19,433.2448
2013-08-20,433.1297
2013-08-21,435.0866
2013-08-22,437.2788
2013-08-23,435.527
2013-08-26,433.6152
2013-08-27,425.4873
2013-08-28,424.6866
2013-08-29,428.1299
2013-08-30,423.8607
2013-09-03,430.6073
2013-09-04,436.2397
2013-09-05,440.2066
2013-09-06,440.2166
2013-09-09,444.4577
2013-09-10,444.766
2013-09-11,448.5297
2013-09-12,446.9651
2013-09-13,444.9652
2013-09-16,444.3106
2013-09-17,443.4848
2013-09-18,452.0981
2013-09-19,449.6307
2013-09-20,451.993
2013-09-23,443.68
2013-09-24,443.8501
2013-09-25,439.0405
2013-09-26,439.5109
2013-09-27,438.62
2013-09-30,438.3798
2013-10-01,443.9322
2013-10-02,444.4257
2013-10-03,438.4699
2013-10-04,436.5981
2013-10-07,433.2899
2013-10-08,427.249
2013-10-09,428.3451
2013-10-10,434.5411
2013-10-11,436.4179
2013-10-14,438.4799
2013-10-15,441.4328
2013-10-16,449.45
2013-10-17,444.8281
2013-10-18,506.1945
2013-10-21,502.1366
2013-10-22,503.9884
2013-10-23,516.2037
2013-10-24,513.2724
2013-10-25,508.0924
2013-10-28,507.9923
2013-10-29,518.6226
2013-10-30,515.7097
2013-10-31,515.7898
2013-11-01,514.0181
2013-11-04,513.5507
2013-11-05,511.2554
2013-11-06,511.871
2013-11-07,504.4639
2013-11-08,508.5078
2013-11-11,505.7851
2013-11-12,506.3807
2013-11-13,516.7358
2013-11-14,518.1171
2013-11-15,517.2813
2013-11-18,516.2753
2013-11-19,513.0992
2013-11-20,511.6508
2013-11-21,517.5365
2013-11-22,516.4455
2013-11-25,523.4723
2013-11-26,529.7183
2013-11-27,532.0706
2013-11-29,530.3089
2013-12-02,527.7514
2013-12-03,527.1408
2013-12-04,529.6032
2013-12-05,529.1828
2013-12-06,535.4539
2013-12-09,539.5929
2013-12-10,542.8561
2013-12-11,539.1675
2013-12-12,535.4989
2013-12-13,530.9095
2013-12-16,537.0104
2013-12-17,535.4489
2013-12-18,542.9011
2013-12-19,543.6368
2013-12-20,550.8438
2013-12-23,558.0908
2013-12-24,556.4592
2013-12-26,559.272
2013-12-27,559.7424
2013-12-30,555.2681
2013-12-31,560.8985
2014-01-02,557.0999
2014-01-03,553.0359
2014-01-06,559.2019
2014-01-07,569.9811
2014-01-08,571.1685
2014-01-09,565.6682
2014-01-10,565.6381
2014-01-13,562.0347
2014-01-14,575.2575
2014-01-15,574.8671
2014-01-16,578.6708
2014-01-17,575.823
2014-01-21,582.4144
2014-01-22,583.075
2014-01-23,580.6127
2014-01-24,562.4601
2014-01-27,551.1491
2014-01-28,562.0497
2014-01-29,553.9969
2014-01-30,568.2477
2014-01-31,591.0578
2014-02-03,567.2647
2014-02-04,569.632
2014-02-05,572.1544
2014-02-06,580.5426
2014-02-07,589.2911
2014-02-10,587.0339
2014-02-11,595.6672
2014-02-12,593.9205
2014-02-13,600.532
2014-02-14,601.9834
2014-02-18,606.0273
2014-02-19,601.7531
2014-02-20,602.639
2014-02-21,602.4788
2014-02-24,606.8431
2014-02-25,610.5917
2014-02-26,610.6768
2014-02-27,610.1963
2014-02-28,608.4146
2014-03-03,601.9283
2014-03-04,608.0442
2014-03-05,609.7209
2014-03-06,610.3965
2014-03-07,607.9842
2014-03-10,606.3726
2014-03-11,600.577
2014-03-12,604.2355
2014-03-13,595.1067
2014-03-14,586.9688
2014-03-17,596.6282
2014-03-18,606.2175
2014-03-19,600.2066
2014-03-20,599.1606
2014-03-21,592.0938
2014-03-24,579.5266
2014-03-25,579.922
2014-03-26,566.534
2014-03-27,557.6804
2014-03-28,560.6183
2014-03-31,557.7955
2014-04-01,567.9954
2014-04-02,568.1005
2014-04-03,571.5
2014-04-04,545.25
2014-04-07,540.63
2014-04-08,557.51
2014-04-09,567.04
2014-04-10,546.69
2014-04-11,537.76
2014-04-14,545.2
2014-04-15,548.7
2014-04-16,563.9
2014-04-17,543.34
2014-04-21,539.37
2014-04-22,545.5
2014-04-23,537.51
2014-04-24,534.44
2014-04-25,523.1
2014-04-28,522.98
2014-04-29,536.33
2014-04-30,534.88
2014-05-01,538.53
2014-05-02,533.87
2014-05-05,535.33
2014-05-06,522.57
2014-05-07,518.0
2014-05-08,520.17
2014-05-09,526.62
2014-05-12,538.43
2014-05-13,541.54
2014-05-14,534.41
2014-05-15,529.12
2014-05-16,528.3
2014-05-19,538.83
2014-05-20,540.39
2014-05-21,549.7
2014-05-22,555.45
2014-05-23,563.8
2014-05-27,574.87
2014-05-28,570.45
2014-05-29,570.56
2014-05-30,571.65
2014-06-02,564.34
2014-06-03,554.51
2014-06-04,553.76
2014-06-05,564.93
2014-06-06,566.03
2014-06-09,570.73
2014-06-10,568.3
2014-06-11,567.5
2014-06-12,559.5
2014-06-13,560.35
2014-06-16,552.3
2014-06-17,550.615
2014-06-18,560.66
2014-06-19,564.99
2014-06-20,566.52
2014-06-23,574.29
2014-06-24,572.54
2014-06-25,585.93
2014-06-26,584.77
2014-06-27,585.69
2014-06-30,584.67
2014-07-01,591.49
2014-07-02,590.78
2014-07-03,593.08
2014-07-07,590.76
2014-07-08,578.4
2014-07-09,583.36
2014-07-10,580.04
2014-07-11,586.65
2014-07-14,594.26
2014-07-15,593.06
2014-07-16,590.62
2014-07-17,580.82
2014-07-18,605.11
2014-07-21,598.44
2014-07-22,603.57
2014-07-23,605.19
2014-07-24,603.01
2014-07-25,598.08
2014-07-28,599.02
2014-07-29,593.95
2014-07-30,595.44
2014-07-31,579.55
2014-08-01,573.6
2014-08-04,582.27
2014-08-05,573.14
2014-08-06,574.49
2014-08-07,571.81
2014-08-08,577.94
2014-08-11,577.25
2014-08-12,572.12
2014-08-13,584.56
2014-08-14,584.65
2014-08-15,583.71
2014-08-18,592.7
2014-08-19,597.11
2014-08-20,595.41
2014-08-21,592.42
2014-08-22,592.54
2014-08-25,590.57
2014-08-26,588.12
2014-08-27,583.0
2014-08-28,580.32
2014-08-29,582.36
2014-09-02,588.63
2014-09-03,589.52
2014-09-04,593.14
2014-09-05,597.78
2014-09-08,601.63
2014-09-09,591.97
2014-09-10,593.42
2014-09-11,591.11
2014-09-12,584.9
2014-09-15,581.64
2014-09-16,588.78
2014-09-17,593.29
2014-09-18,597.27
2014-09-19,605.4
2014-09-22,597.27
2014-09-23,591.18
2014-09-24,598.42
2014-09-25,585.25
2014-09-26,587.9
2014-09-29,587.81
2014-09-30,588.41
2014-10-01,579.63
2014-10-02,580.88
2014-10-03,586.25
2014-10-06,587.78
2014-10-07,574.1
2014-10-08,583.74
2014-10-09,570.81
2014-10-10,555.19
2014-10-13,544.75
2014-10-14,548.69
2014-10-15,540.73
2014-10-16,536.92
2014-10-17,522.97
2014-10-20,532.38
2014-10-21,538.03
2014-10-22,542.69
2014-10-23,553.65
2014-10-24,548.9
2014-10-27,549.88
2014-10-28,558.94
2014-10-29,558.45
2014-10-30,560.27
2014-10-31,567.87
2014-11-03,563.77
2014-11-04,564.19
2014-11-05,555.95
2014-11-06,551.69
2014-11-07,551.82
2014-11-10,558.23
2014-11-11,561.29
2014-11-12,558.25
2014-11-13,556.44
2014-11-14,555.19
2014-11-17,546.64
2014-11-18,544.51
2014-11-19,547.2
2014-11-20,543.76
2014-11-21,545.89
2014-11-24,547.48
2014-11-25,549.23
2014-11-26,547.73
2014-11-28,549.08
2014-12-01,539.65
2014-12-02,538.59
2014-12-03,536.97
2014-12-04,542.58
2014-12-05,528.08
2014-12-08,530.73
2014-12-09,536.11
2014-12-10,528.04
2014-12-11,532.11
2014-12-12,521.51
2014-12-15,515.84
2014-12-16,498.16
2014-12-17,506.45
2014-12-18,514.62
2014-12-19,520.04
2014-12-22,532.3
2014-12-23,538.77
2014-12-24,536.93
2014-12-26,541.52
2014-12-29,537.31
2014-12-30,535.28
2014-12-31,530.66
2015-01-02,529.55
2015-01-05,519.46
2015-01-06,506.64
2015-01-07,505.15
2015-01-08,506.91
2015-01-09,500.72
2015-01-12,497.06
2015-01-13,501.8
2015-01-14,505.93
2015-01-15,504.01
2015-01-16,510.455
2015-01-20,509.94
2015-01-21,520.39
2015-01-22,537.3
2015-01-23,541.95
2015-01-26,536.72
2015-01-27,521.19
2015-01-28,512.43
2015-01-29,513.23
2015-01-30,537.55
2015-02-02,532.2
2015-02-03,533.3
2015-02-04,526.1
2015-02-05,529.83
2015-02-06,533.875
2015-02-09,529.28
2015-02-10,540.16
2015-02-11,538.0
2015-02-12,546.01
2015-02-13,551.16
2015-02-17,545.01
2015-02-18,542.65
2015-02-19,546.45
2015-02-20,541.8
2015-02-23,535.0
2015-02-24,538.65
2015-02-25,547.33
2015-02-26,559.29
2015-02-27,562.63
2015-03-02,575.02
2015-03-03,578.795
2015-03-04,578.33
2015-03-05,581.435
2015-03-06,572.9
2015-03-09,574.1
2015-03-10,559.85
2015-03-11,555.69
2015-03-12,561.17
2015-03-13,553.0
2015-03-16,561.64
2015-03-17,557.61
2015-03-18,566.16
2015-03-19,563.67
2015-03-20,564.95
2015-03-23,565.37
2015-03-24,577.54
2015-03-25,567.0
2015-03-26,563.64
2015-03-27,557.55
2015-03-30,561.135
2015-03-31,554.7
2015-04-01,549.49
2015-04-02,541.31
2015-04-06,543.95
2015-04-07,544.86
2015-04-08,548.84
2015-04-09,548.02
2015-04-10,548.54
2015-04-13,548.64
2015-04-14,539.78
2015-04-15,541.04
2015-04-16,543.52
2015-04-17,532.74
2015-04-20,544.53
2015-04-21,542.925
2015-04-22,549.18
2015-04-23,557.46
2015-04-24,573.66
2015-04-27,566.12
2015-04-28,564.37
2015-04-29,561.39
2015-04-30,548.77
2015-05-01,551.16
2015-05-04,552.84
2015-05-05,543.045
2015-05-06,535.08
2015-05-07,542.04
2015-05-08,548.95
2015-05-11,545.78
2015-05-12,538.73
2015-05-13,539.49
2015-05-14,549.2
2015-05-15,546.49
2015-05-18,546.67
2015-05-19,549.28
2015-05-20,552.51
2015-05-21,556.81
2015-05-22,554.52
2015-05-26,547.19
2015-05-27,554.25
2015-05-28,554.18
2015-05-29,545.32
2015-06-01,549.21
2015-06-02,553.95
2015-06-03,555.29
2015-06-04,551.69
2015-06-05,549.53
2015-06-08,543.48
2015-06-09,542.16
2015-06-10,552.6
2015-06-11,550.04
2015-06-12,547.47
2015-06-15,543.0
2015-06-16,544.87
2015-06-17,546.6
2015-06-18,556.18
2015-06-19,557.52
2015-06-22,559.68
2015-06-23,563.39
2015-06-24,558.57
2015-06-25,557.95
2015-06-26,553.06
2015-06-29,541.25
2015-06-30,540.04
2015-07-01,543.3
2015-07-02,547.34
2015-07-06,545.62
2015-07-07,550.03
2015-07-08,541.7
2015-07-09,544.65
2015-07-10,556.11
2015-07-13,571.73
2015-07-14,584.18
2015-07-15,583.96
2015-07-16,601.78
2015-07-17,699.62
2015-07-20,692.84
2015-07-21,695.35
2015-07-22,695.1
2015-07-23,674.73
2015-07-24,654.77
2015-07-27,658.27
2015-07-28,659.66
2015-07-29,661.43
2015-07-30,664.56
2015-07-31,657.5
2015-08-03,664.72
2015-08-04,661.28
2015-08-05,673.29
2015-08-06,670.15
2015-08-07,664.39
2015-08-10,663.14
2015-08-11,690.3
2015-08-12,691.47
2015-08-13,686.51
2015-08-14,689.37
2015-08-17,694.11
2015-08-18,688.73
2015-08-19,694.04
2015-08-20,679.48
2015-08-21,644.03
2015-08-24,618.11
2015-08-25,612.47
2015-08-26,659.74
2015-08-27,667.96
2015-08-28,659.69
2015-08-31,647.82
2015-09-01,629.56
2015-09-02,644.91
2015-09-03,637.05
2015-09-04,628.96
2015-09-08,643.88
2015-09-09,643.41
2015-09-10,651.08
2015-09-11,655.3
2015-09-14,652.47
2015-09-15,665.07
2015-09-16,665.52
2015-09-17,671.67
2015-09-18,660.92
2015-09-21,666.98
2015-09-22,653.2
2015-09-23,653.29
2015-09-24,654.91
2015-09-25,640.15
2015-09-28,624.25
2015-09-29,622.61
2015-09-30,638.37
2015-10-01,642.0
2015-10-02,656.99
2015-10-05,671.68
2015-10-06,671.64
2015-10-07,670.0
2015-10-08,667.0
2015-10-09,671.24
2015-10-12,676.43
2015-10-13,683.17
2015-10-14,680.41
2015-10-15,693.02
2015-10-16,695.32
2015-10-19,699.95
2015-10-20,680.0
2015-10-21,671.8
2015-10-22,681.14
2015-10-23,719.33
2015-10-26,731.12
2015-10-27,732.82
2015-10-28,736.92
2015-10-29,744.85
2015-10-30,737.39
2015-11-02,747.74
2015-11-03,748.82
2015-11-04,755.31
2015-11-05,760.67
2015-11-06,761.6
2015-11-09,754.77
2015-11-10,758.26
2015-11-11,765.25
2015-11-12,756.53
2015-11-13,740.07
2015-11-16,750.42
2015-11-17,745.98
2015-11-18,760.01
2015-11-19,759.94
2015-11-20,777.0
2015-11-23,776.7
2015-11-24,769.63
2015-11-25,769.26
2015-11-27,771.97
2015-11-30,762.85
2015-12-01,783.79
2015-12-02,777.85
2015-12-03,768.2
2015-12-04,779.21
2015-12-07,772.99
2015-12-08,775.14
2015-12-09,762.55
2015-12-10,760.04
2015-12-11,750.42
2015-12-14,762.54
2015-12-15,760.09
2015-12-16,776.59
2015-12-17,769.83
2015-12-18,756.85
2015-12-21,760.8
2015-12-22,767.13
2015-12-23,768.51
2015-12-24,765.84
2015-12-28,782.24
2015-12-29,793.96
2015-12-30,790.3
2015-12-31,778.01
2016-01-04,759.44
2016-01-05,761.53
2016-01-06,759.33
2016-01-07,741.0
2016-01-08,730.91
2016-01-11,733.07
2016-01-12,745.34
2016-01-13,719.57
2016-01-14,731.39
2016-01-15,710.49
2016-01-19,719.08
2016-01-20,718.56
2016-01-21,726.67
2016-01-22,745.46
2016-01-25,733.62
2016-01-26,733.79
2016-01-27,717.58
2016-01-28,748.3
2016-01-29,761.35
2016-02-01,770.77
2016-02-02,780.91
2016-02-03,749.38
2016-02-04,730.03
2016-02-05,703.76
2016-02-08,704.16
2016-02-09,701.02
2016-02-10,706.85
2016-02-11,706.36
2016-02-12,706.89
2016-02-16,717.64
2016-02-17,731.97
2016-02-18,717.51
2016-02-19,722.11
2016-02-22,729.05
2016-02-23,717.29
2016-02-24,720.9
2016-02-25,729.12
2016-02-26,724.86
2016-02-29,717.22
2016-03-01,742.17
2016-03-02,739.48
2016-03-03,731.59
2016-03-04,730.22
2016-03-07,712.8
2016-03-08,713.53
2016-03-09,725.41
2016-03-10,732.17
2016-03-11,744.87
2016-03-14,750.24
2016-03-15,750.57
2016-03-16,757.36
2016-03-17,758.48
2016-03-18,755.41
2016-03-21,762.16
2016-03-22,760.05
2016-03-23,757.56
2016-03-24,754.84
2016-03-28,753.28
2016-03-29,765.89
2016-03-30,768.34
2016-03-31,762.9
2016-04-01,769.67
2016-04-04,765.12
2016-04-05,758.57
2016-04-06,768.07
2016-04-07,760.12
2016-04-08,759.47
2016-04-11,757.54
2016-04-12,764.32
2016-04-13,771.91
2016-04-14,775.39
2016-04-15,780.0
2016-04-18,787.68
2016-04-19,776.25
2016-04-20,774.92
2016-04-21,780.0
2016-04-22,737.77
2016-04-25,742.21
2016-04-26,725.37
2016-04-27,721.46
2016-04-28,705.06
2016-04-29,707.88
2016-05-02,714.41
2016-05-03,708.44
2016-05-04,711.37
2016-05-05,714.71
2016-05-06,725.18
2016-05-09,729.13
2016-05-10,739.38
2016-05-11,730.55
2016-05-12,728.07
2016-05-13,724.83
2016-05-16,730.3
2016-05-17,720.19
2016-05-18,721.78
2016-05-19,715.31
2016-05-20,721.71
2016-05-23,717.25
2016-05-24,733.03
2016-05-25,738.1
2016-05-26,736.93
2016-05-27,747.6
2016-05-31,748.85
2016-06-01,748.46
2016-06-02,744.27
2016-06-03,735.86
2016-06-06,730.06
2016-06-07,731.09
2016-06-08,742.93
2016-06-09,742.52
2016-06-10,733.19
2016-06-13,731.88
2016-06-14,733.25
2016-06-15,732.19
2016-06-16,724.25
2016-06-17,704.25
2016-06-20,706.13
2016-06-21,708.88
2016-06-22,710.47
2016-06-23,714.87
2016-06-24,685.2
2016-06-27,681.14
2016-06-28,691.26
2016-06-29,695.19
2016-06-30,703.53
2016-07-01,710.25
2016-07-05,704.89
2016-07-06,708.97
2016-07-07,707.26
2016-07-08,717.78
2016-07-11,727.2
2016-07-12,732.51
2016-07-13,729.48
2016-07-14,735.8
2016-07-15,735.63
2016-07-18,753.2
2016-07-19,753.41
2016-07-20,757.08
2016-07-21,754.41
2016-07-22,759.28
2016-07-25,757.52
2016-07-26,757.65
2016-07-27,761.97
2016-07-28,765.84
2016-07-29,791.34
2016-08-01,800.94
2016-08-02,800.12
2016-08-03,798.92
2016-08-04,797.25
2016-08-05,806.93
2016-08-08,805.23
2016-08-09,807.48
2016-08-10,808.49
2016-08-11,808.2
2016-08-12,807.05
2016-08-15,805.96
2016-08-16,801.19
2016-08-17,805.42
2016-08-18,802.75
2016-08-19,799.65
2016-08-22,796.95
2016-08-23,796.59
2016-08-24,793.6
2016-08-25,791.3
2016-08-26,793.22
2016-08-29,795.82
2016-08-30,791.92
2016-08-31,789.85
2016-09-01,791.4
2016-09-02,796.87
2016-09-06,808.02
2016-09-07,807.99
2016-09-08,802.84
2016-09-09,788.48
2016-09-12,798.82
2016-09-13,788.72
2016-09-14,790.46
2016-09-15,801.23
2016-09-16,797.97
2016-09-19,795.39
2016-09-20,799.78
2016-09-21,805.03
2016-09-22,815.95
2016-09-23,814.96
2016-09-26,802.65
2016-09-27,810.73
2016-09-28,810.06
2016-09-29,802.64
2016-09-30,804.06
2016-10-03,800.38
2016-10-04,802.79
2016-10-05,801.23
2016-10-06,803.08
2016-10-07,800.71
2016-10-10,814.17
2016-10-11,809.57
2016-10-12,811.77
2016-10-13,804.08
2016-10-14,804.6
2016-10-17,806.84
2016-10-18,821.49
2016-10-19,827.09
2016-10-20,821.63
2016-10-21,824.06
2016-10-24,835.74
2016-10-25,828.55
2016-10-26,822.1
2016-10-27,817.35
2016-10-28,819.56
2016-10-31,809.9
2016-11-01,805.48
2016-11-02,788.42
2016-11-03,782.19
2016-11-04,781.1
2016-11-07,802.03
2016-11-08,811.98
2016-11-09,805.59
2016-11-10,780.29
2016-11-11,771.75
2016-11-14,753.22
2016-11-15,775.16
2016-11-16,779.98
2016-11-17,786.16
2016-11-18,775.97
2016-11-21,784.8
2016-11-22,785.0
2016-11-23,779.0
2016-11-25,780.23
2016-11-28,785.79
2016-11-29,789.44
2016-11-30,775.88
2016-12-01,764.33
2016-12-02,764.46
2016-12-05,778.22
2016-12-06,776.18
2016-12-07,791.47
2016-12-08,795.17
2016-12-09,809.45
2016-12-12,807.9
2016-12-13,815.34
2016-12-14,817.89
2016-12-15,815.65
2016-12-16,809.84
2016-12-19,812.5
2016-12-20,815.2
2016-12-21,812.2
2016-12-22,809.68
2016-12-23,807.8
2016-12-27,809.93
2016-12-28,804.57
2016-12-29,802.88
2016-12-30,792.45
2017-01-03,808.01
2017-01-04,807.77
2017-01-05,813.02
2017-01-06,825.21
2017-01-09,827.18
2017-01-10,826.01
2017-01-11,829.86
2017-01-12,829.53
2017-01-13,830.94
2017-01-17,827.46
2017-01-18,829.02
2017-01-19,824.37
2017-01-20,828.17
2017-01-23,844.43
2017-01-24,849.53
2017-01-25,858.45
2017-01-26,856.98
2017-01-27,845.03
2017-01-30,823.83
2017-01-31,820.19
2017-02-01,815.24
2017-02-02,818.26
2017-02-03,820.13
2017-02-06,821.62
2017-02-07,829.23
2017-02-08,829.88
2017-02-09,830.06
2017-02-10,834.85
2017-02-13,838.96
2017-02-14,840.03
2017-02-15,837.32
2017-02-16,842.17
2017-02-17,846.55
2017-02-21,849.27
2017-02-22,851.36
2017-02-23,851.0
2017-02-24,847.81
2017-02-27,849.67
2017-02-28,844.93
2017-03-01,856.75
2017-03-02,849.85
2017-03-03,849.08
2017-03-06,847.27
2017-03-07,851.15
2017-03-08,853.64
2017-03-09,857.84
2017-03-10,861.405
2017-03-13,864.58
2017-03-14,865.91
2017-03-15,868.39
2017-03-16,870.0
2017-03-17,872.37
2017-03-20,867.91
2017-03-21,850.14
2017-03-22,849.8
2017-03-23,839.65
2017-03-24,835.14
2017-03-27,838.51
2017-03-28,840.63
2017-03-29,849.87
2017-03-30,849.48
2017-03-31,847.8
2017-04-03,856.75
2017-04-04,852.57
2017-04-05,848.91
2017-04-06,845.095
2017-04-07,842.1
2017-04-10,841.7
2017-04-11,839.88
2017-04-12,841.46
2017-04-13,840.18
2017-04-17,855.13
2017-04-18,853.99
2017-04-19,856.51
2017-04-20,860.08
2017-04-21,858.95
2017-04-24,878.93
2017-04-25,888.84
2017-04-26,889.14
2017-04-27,891.44
2017-04-28,924.52
2017-05-01,932.82
2017-05-02,937.09
2017-05-03,948.45
2017-05-04,954.72
2017-05-05,950.28
2017-05-08,958.69
2017-05-09,956.71
2017-05-10,954.84
2017-05-11,955.89
2017-05-12,955.14
2017-05-15,959.22
2017-05-16,964.61
2017-05-17,942.17
2017-05-18,950.5
2017-05-19,954.65
2017-05-22,964.07
2017-05-23,970.55
2017-05-24,977.61
2017-05-25,991.86
2017-05-26,993.27
2017-05-30,996.17
2017-05-31,987.09
2017-06-01,988.29
2017-06-02,996.12
2017-06-05,1003.88
2017-06-06,996.68
2017-06-07,1001.59
2017-06-08,1004.28
2017-06-09,970.12
2017-06-12,961.81
2017-06-13,970.5
2017-06-14,967.93
2017-06-15,960.18
2017-06-16,958.62
2017-06-19,975.22
2017-06-20,968.99
2017-06-21,978.59
2017-06-22,976.62
2017-06-23,986.09
2017-06-26,972.09
2017-06-27,948.09
2017-06-28,961.01
2017-06-29,937.82
2017-06-30,929.68
2017-07-03,919.46
2017-07-05,932.26
2017-07-06,927.69
2017-07-07,940.81
2017-07-10,951.0
2017-07-11,953.53
2017-07-12,967.66
2017-07-13,968.85
2017-07-14,976.91
2017-07-17,975.96
2017-07-18,986.95
2017-07-19,992.77
2017-07-20,992.19
2017-07-21,993.84
2017-07-24,998.31
2017-07-25,969.03
2017-07-26,965.31
2017-07-27,952.51
2017-07-28,958.33
2017-07-31,945.5
2017-08-01,946.56
2017-08-02,947.64
2017-08-03,940.3
2017-08-04,945.79
2017-08-07,945.75
2017-08-08,944.19
2017-08-09,940.08
2017-08-10,923.59
2017-08-11,930.09
2017-08-14,938.93
2017-08-15,938.08
2017-08-16,944.27
2017-08-17,927.66
2017-08-18,926.18
2017-08-21,920.87
2017-08-22,940.4
2017-08-23,942.58
2017-08-24,936.89
2017-08-25,930.5
2017-08-28,928.13
2017-08-29,935.75
2017-08-30,943.63
2017-08-31,955.24
2017-09-01,951.99
2017-09-05,941.48
2017-09-06,942.02
2017-09-07,949.89
2017-09-08,941.41
2017-09-11,943.29
2017-09-12,946.65
2017-09-13,950.44
2017-09-14,940.13
2017-09-15,935.29
2017-09-18,929.75
2017-09-19,936.86
2017-09-20,947.54
2017-09-21,947.55
2017-09-22,943.26
2017-09-25,934.28
2017-09-26,937.43
2017-09-27,959.9
2017-09-28,964.81
2017-09-29,973.72
2017-10-02,967.47
2017-10-03,972.08
2017-10-04,966.78
2017-10-05,985.19
2017-10-06,993.64
2017-10-09,992.31
2017-10-10,987.8
2017-10-11,1005.65
2017-10-12,1005.65
2017-10-13,1007.87
2017-10-16,1009.35
2017-10-17,1011.0
2017-10-18,1012.74
2017-10-19,1001.84
2017-10-20,1005.07
2017-10-23,985.54
2017-10-24,988.49
2017-10-25,991.46
2017-10-26,991.42
2017-10-27,1033.67
2017-10-30,1033.13
2017-10-31,1033.04
2017-11-01,1042.595
2017-11-02,1042.97
2017-11-03,1049.99
2017-11-06,1042.68
2017-11-07,1052.39
2017-11-08,1058.29
2017-11-09,1047.72
2017-11-10,1044.15
2017-11-13,1041.2
2017-11-14,1041.64
2017-11-15,1036.41
2017-11-16,1048.47
2017-11-17,1035.89
2017-11-20,1034.66
2017-11-21,1050.3
2017-11-22,1051.92
2017-11-24,1056.52
2017-11-27,1072.01
2017-11-28,1063.29
2017-11-29,1037.38
2017-11-30,1036.17
2017-12-01,1025.07
2017-12-04,1011.87
2017-12-05,1019.6
2017-12-06,1032.72
2017-12-07,1044.57
2017-12-08,1049.38
2017-12-11,1051.97
2017-12-12,1048.77
2017-12-13,1051.39
2017-12-14,1057.47
2017-12-15,1072.0
2017-12-18,1085.09
2017-12-19,1079.78
2017-12-20,1073.56
2017-12-21,1070.85
2017-12-22,1068.86
2017-12-26,1065.85
2017-12-27,1060.2
2017-12-28,1055.95
2017-12-29,1053.4
2018-01-02,1073.21
2018-01-03,1091.52
2018-01-04,1095.76
2018-01-05,1110.29
2018-01-08,1114.21
2018-01-09,1112.79
2018-01-10,1110.14
2018-01-11,1112.05
2018-01-12,1130.65
2018-01-16,1130.7
2018-01-17,1139.1
2018-01-18,1135.97
2018-01-19,1143.5
2018-01-22,1164.16
2018-01-23,1176.17
2018-01-24,1171.29
2018-01-25,1182.14
2018-01-26,1187.56
2018-01-29,1186.48
2018-01-30,1177.37
2018-01-31,1182.22
2018-02-01,1181.59
2018-02-02,1119.2
2018-02-05,1062.39
2018-02-06,1084.43
2018-02-07,1055.41
2018-02-08,1007.71
2018-02-09,1046.27
2018-02-12,1054.56
2018-02-13,1054.14
2018-02-14,1072.7
2018-02-15,1091.36
2018-02-16,1095.5
2018-02-20,1103.59
2018-02-21,1113.75
2018-02-22,1109.9
2018-02-23,1128.09
2018-02-26,1143.7
2018-02-27,1117.51
2018-02-28,1103.92
2018-03-01,1071.41
2018-03-02,1084.14
2018-03-05,1094.76
2018-03-06,1100.9
2018-03-07,1115.04
2018-03-08,1129.38
2018-03-09,1160.84
2018-03-12,1165.93
2018-03-13,1139.91
2018-03-14,1148.89
2018-03-15,1150.61
2018-03-16,1134.42
2018-03-19,1100.07
2018-03-20,1095.8
2018-03-21,1094.0
2018-03-22,1053.15
2018-03-23,1026.55
2018-03-26,1054.09
2018-03-27,1006.94
2018-03-28,1005.18
2018-03-29,1037.14
2018-04-02,1012.63
2018-04-03,1018.68
2018-04-04,1029.71
2018-04-05,1032.64
2018-04-06,1009.95
2018-04-09,1020.09
2018-04-10,1036.5
2018-04-11,1025.06
2018-04-12,1037.29
2018-04-13,1036.04
2018-04-16,1046.1
2018-04-17,1079.36
2018-04-18,1075.39
2018-04-19,1089.45
2018-04-20,1077.32
2018-04-23,1073.81
2018-04-24,1022.64
2018-04-25,1022.99
2018-04-26,1043.31
2018-04-27,1031.45
2018-04-30,1018.58
2018-05-01,1040.75
2018-05-02,1026.05
2018-05-03,1026.3
2018-05-04,1051.0
2018-05-07,1059.46
2018-05-08,1058.59
2018-05-09,1088.95
2018-05-10,1105.47
2018-05-11,1103.38
2018-05-14,1106.6
2018-05-15,1084.87
2018-05-16,1084.09
2018-05-17,1081.26
2018-05-18,1069.64
2018-05-21,1084.01
2018-05-22,1075.31
2018-05-23,1085.96
2018-05-24,1085.45
2018-05-25,1084.08
2018-05-29,1068.07
2018-05-30,1077.47
2018-05-31,1100.0
2018-06-01,1135.0
2018-06-04,1153.04
2018-06-05,1151.02
2018-06-06,1146.95
2018-06-07,1134.42
2018-06-08,1132.71
2018-06-11,1140.9
2018-06-12,1148.19
2018-06-13,1144.23
2018-06-14,1160.11
2018-06-15,1159.27
2018-06-18,1183.58
2018-06-19,1178.69
2018-06-20,1184.07
2018-06-21,1169.44
2018-06-22,1169.29
2018-06-25,1139.28
2018-06-26,1132.62
2018-06-27,1116.94
2018-06-28,1126.78
2018-06-29,1129.19
2018-07-02,1142.11
2018-07-03,1116.28
2018-07-05,1141.29
2018-07-06,1155.08
2018-07-09,1167.28
2018-07-10,1167.14
2018-07-11,1171.46
2018-07-12,1201.26
2018-07-13,1204.42
2018-07-16,1196.51
2018-07-17,1213.08
2018-07-18,1212.91
2018-07-19,1199.1
2018-07-20,1197.88
2018-07-23,1211.0
2018-07-24,1258.15
2018-07-25,1275.94
2018-07-26,1285.5
2018-07-27,1252.89
2018-07-30,1230.04
2018-07-31,1227.22
2018-08-01,1232.99
2018-08-02,1241.13
2018-08-03,1238.16
2018-08-06,1237.67
2018-08-07,1255.84
2018-08-08,1261.33
2018-08-09,1264.46
2018-08-10,1252.51
2018-08-13,1248.64
2018-08-14,1258.14
2018-08-15,1232.22
2018-08-16,1224.06
2018-08-17,1215.85
2018-08-20,1221.95
2018-08-21,1217.41
2018-08-22,1221.75
2018-08-23,1221.16
2018-08-24,1236.75
2018-08-27,1256.27
2018-08-28,1245.86
2018-08-29,1264.65
2018-08-30,1254.44
2018-08-31,1231.8
2018-09-04,1211.31
2018-09-05,1199.1
2018-09-06,1183.99
2018-09-07,1177.59
2018-09-10,1175.06
2018-09-11,1189.99
2018-09-12,1171.6
2018-09-13,1182.14
2018-09-14,1177.98
2018-09-17,1159.83
2018-09-18,1167.11
2018-09-19,1174.27
2018-09-20,1191.57
2018-09-21,1172.12
2018-09-24,1179.56
2018-09-25,1193.89
2018-09-26,1194.06
2018-09-27,1207.36
2018-09-28,1207.08
2018-10-01,1208.53
2018-10-02,1207.64
2018-10-03,1211.53
2018-10-04,1177.07
2018-10-05,1167.83
2018-10-08,1155.92
2018-10-09,1145.17
2018-10-10,1092.16
2018-10-11,1090.74
2018-10-12,1120.54
2018-10-15,1102.44
2018-10-16,1133.08
2018-10-17,1127.59
2018-10-18,1097.91
2018-10-19,1105.18
2018-10-22,1111.37
2018-10-23,1114.91
2018-10-24,1057.12
2018-10-25,1103.59
2018-10-26,1083.75
2018-10-29,1034.73
2018-10-30,1049.51
2018-10-31,1090.58
2018-11-01,1085.98
2018-11-02,1071.49
2018-11-05,1055.73
2018-11-06,1069.57
2018-11-07,1108.24
2018-11-08,1094.63
2018-11-09,1077.02
2018-11-12,1049.36
2018-11-13,1047.97
2018-11-14,1054.58
2018-11-15,1071.05
2018-11-16,1068.27
2018-11-19,1027.42
2018-11-20,1030.45
2018-11-21,1043.43
2018-11-23,1030.1
2018-11-26,1055.94
2018-11-27,1052.28
2018-11-28,1091.79
2018-11-29,1094.58
2018-11-30,1109.65
2018-12-03,1116.36
2018-12-04,1062.47
2018-12-06,1078.08
2018-12-07,1046.58
2018-12-10,1053.18
2018-12-11,1061.65
2018-12-12,1073.73
2018-12-13,1073.54
2018-12-14,1051.71
2018-12-17,1025.65
2018-12-18,1043.41
2018-12-19,1035.46
2018-12-20,1023.58
2018-12-21,991.25
2018-12-24,984.67
2018-12-26,1047.85
2018-12-27,1052.9
2018-12-28,1046.68
2018-12-31,1044.96
2019-01-02,1054.68
2019-01-03,1025.47
2019-01-04,1078.07
2019-01-07,1075.92
2019-01-08,1085.37
2019-01-09,1081.65
2019-01-10,1078.83
2019-01-11,1064.47
2019-01-14,1051.51
2019-01-15,1086.51
2019-01-16,1089.51
2019-01-17,1099.12
2019-01-18,1107.3
2019-01-22,1078.63
2019-01-23,1084.41
2019-01-24,1084.0
2019-01-25,1101.51
2019-01-28,1079.86
2019-01-29,1070.06
2019-01-30,1097.99
2019-01-31,1125.89
2019-02-01,1118.62
2019-02-04,1141.42
2019-02-05,1151.87
2019-02-06,1122.89
2019-02-07,1105.91
2019-02-08,1102.38
2019-02-11,1102.12
2019-02-12,1127.58
2019-02-13,1128.63
2019-02-14,1129.2
2019-02-15,1119.63
2019-02-19,1126.51
2019-02-20,1120.59
2019-02-21,1104.21
2019-02-22,1116.56
2019-02-25,1117.33
2019-02-26,1122.01
2019-02-27,1122.89
2019-02-28,1126.55
2019-03-01,1148.52
2019-03-04,1153.42
2019-03-05,1169.19
2019-03-06,1164.94
2019-03-07,1150.85
2019-03-08,1149.97
2019-03-11,1179.26
2019-03-12,1197.25
2019-03-13,1199.06
2019-03-14,1192.53
2019-03-15,1190.3
2019-03-18,1188.55
2019-03-19,1202.46
2019-03-20,1226.43
2019-03-21,1236.13
2019-03-22,1207.65
2019-03-25,1197.38
2019-03-26,1189.84
2019-03-27,1178.01
2019-03-28,1172.27
2019-03-29,1176.89
2019-04-01,1198.98
2019-04-02,1205.54
2019-04-03,1210.81
2019-04-04,1219.45
2019-04-05,1211.45
2019-04-08,1208.28
2019-04-09,1202.69
2019-04-10,1206.45
2019-04-11,1209.59
2019-04-12,1222.73
2019-04-15,1226.53
2019-04-16,1231.91
2019-04-17,1240.14
2019-04-18,1241.47
2019-04-22,1253.76
2019-04-23,1270.59
2019-04-24,1260.05
2019-04-25,1267.34
2019-04-26,1277.42
2019-04-29,1296.2
2019-04-30,1198.96
2019-05-01,1173.32
2019-05-02,1166.51
2019-05-03,1189.55
2019-05-06,1193.46
2019-05-07,1178.86
2019-05-08,1170.78
2019-05-09,1167.97
2019-05-10,1167.64
2019-05-13,1136.59
2019-05-14,1124.86
2019-05-15,1170.8
2019-05-16,1184.5
2019-05-17,1168.78
2019-05-20,1144.66
2019-05-21,1154.44
2019-05-22,1155.85
2019-05-23,1145.34
2019-05-24,1138.61
2019-05-28,1139.56
2019-05-29,1119.94
2019-05-30,1121.41
2019-05-31,1106.5
2019-06-03,1038.74
2019-06-04,1054.49
2019-06-05,1044.64
2019-06-06,1047.76
2019-06-07,1068.37
2019-06-10,1082.76
2019-06-11,1081.04
2019-06-12,1079.1
2019-06-13,1091.01
2019-06-14,1086.3
2019-06-17,1093.89
2019-06-18,1105.24
2019-06-19,1104.51
2019-06-20,1113.2
2019-06-21,1125.37
2019-06-24,1116.7
2019-06-25,1087.58
2019-06-26,1080.32
2019-06-27,1076.63
2019-06-28,1082.8
2019-07-01,1100.0
2019-07-02,1112.6
2019-07-03,1122.99
2019-07-05,1132.665
2019-07-08,1116.79
2019-07-09,1124.29
2019-07-10,1140.91
2019-07-11,1144.08
2019-07-12,1145.34
2019-07-15,1150.51
2019-07-16,1153.46
2019-07-17,1146.74
2019-07-18,1147.24
2019-07-19,1131.55
2019-07-22,1139.21
2019-07-23,1148.05
2019-07-24,1139.73
2019-07-25,1135.94
2019-07-26,1245.22
2019-07-29,1241.84
2019-07-30,1228.0
2019-07-31,1218.2
2019-08-01,1211.78
2019-08-02,1196.32
2019-08-05,1154.75
2019-08-06,1171.08
2019-08-07,1175.91
2019-08-08,1206.19
2019-08-09,1188.9
2019-08-12,1174.5
2019-08-13,1196.73
2019-08-14,1164.25
2019-08-15,1169.32
2019-08-16,1179.21
2019-08-19,1200.44
2019-08-20,1183.53
2019-08-21,1191.58
2019-08-22,1191.52
2019-08-23,1153.58
2019-08-26,1171.18
2019-08-27,1170.82
2019-08-28,1173.75
2019-08-29,1194.24
2019-08-30,1190.53
2019-09-03,1169.55
2019-09-04,1182.27
2019-09-05,1212.19
2019-09-06,1206.32
2019-09-09,1205.27
2019-09-10,1205.7
2019-09-11,1220.0
2019-09-12,1234.97
2019-09-13,1240.03
2019-09-16,1231.63
2019-09-17,1229.88
2019-09-18,1232.65
2019-09-19,1238.75
2019-09-20,1229.84
2019-09-23,1234.69
2019-09-24,1218.33
2019-09-25,1245.94
2019-09-26,1242.29
2019-09-27,1225.95
2019-09-30,1221.14
2019-10-01,1206.0
2019-10-02,1177.92
2019-10-03,1189.43
2019-10-04,1210.96
2019-10-07,1208.25
2019-10-08,1190.13
2019-10-09,1202.4
2019-10-10,1209.47
2019-10-11,1215.71
2019-10-14,1217.77
2019-10-15,1242.24
2019-10-16,1243.0
2019-10-17,1252.8
2019-10-18,1244.41
2019-10-21,1244.28
2019-10-22,1241.2
2019-10-23,1257.63
2019-10-24,1259.11
2019-10-25,1264.3
2019-10-28,1288.98
2019-10-29,1260.66
2019-10-30,1260.7
2019-10-31,1258.8
2019-11-01,1272.25
2019-11-04,1289.61
2019-11-05,1291.44
2019-11-06,1291.01
2019-11-07,1306.94
2019-11-08,1309.0
2019-11-11,1298.28
2019-11-12,1297.21
2019-11-13,1296.18
2019-11-14,1309.15
2019-11-15,1333.54
2019-11-18,1319.84
2019-11-19,1312.59
2019-11-20,1301.86
2019-11-21,1300.14
2019-11-22,1293.67
2019-11-25,1305.64
2019-11-26,1313.0
2019-11-27,1312.13
2019-11-29,1304.09
2019-12-02,1288.86
2019-12-03,1294.74
2019-12-04,1318.94
2019-12-05,1326.96
2019-12-06,1339.39
2019-12-09,1342.99
2019-12-10,1342.89
2019-12-11,1344.25
2019-12-12,1348.49
2019-12-13,1346.87
2019-12-16,1360.7
2019-12-17,1354.89
2019-12-18,1351.91
2019-12-19,1356.44
2019-12-20,1351.22
2019-12-23,1350.63
2019-12-24,1344.43
2019-12-26,1362.47
2019-12-27,1354.64
2019-12-30,1339.71
2019-12-31,1339.39
2020-01-02,1368.68
2020-01-03,1361.52
2020-01-06,1397.81
2020-01-07,1395.11
2020-01-08,1405.04
2020-01-09,1419.79
2020-01-10,1428.96
2020-01-13,1440.03
2020-01-14,1430.59
2020-01-15,1439.2
2020-01-16,1450.16
2020-01-17,1479.52
2020-01-21,1482.25
2020-01-22,1484.17
2020-01-23,1484.69
2020-01-24,1466.17
2020-01-27,1431.73
2020-01-28,1450.5
2020-01-29,1456.7
2020-01-30,1454.25
2020-01-31,1432.78
2020-02-03,1482.6
2020-02-04,1445.41
2020-02-05,1446.05
2020-02-06,1475.97
2020-02-07,1479.11
2020-02-10,1508.66
2020-02-11,1510.06
2020-02-12,1518.63
2020-02-13,1513.39
2020-02-14,1518.73
2020-02-18,1519.44
2020-02-19,1524.87
2020-02-20,1516.99
2020-02-21,1483.46
2020-02-24,1419.86
2020-02-25,1386.32
2020-02-26,1390.47
2020-02-27,1314.95
2020-02-28,1339.25
2020-03-02,1386.32
2020-03-03,1337.72
2020-03-04,1381.6
2020-03-05,1314.76
2020-03-06,1295.74
2020-03-09,1215.79
2020-03-10,1275.17
2020-03-11,1210.9
2020-03-12,1111.55
2020-03-13,1214.27
2020-03-16,1073.0
2020-03-17,1118.06
2020-03-18,1091.19
2020-03-19,1111.67
2020-03-20,1068.21
2020-03-23,1054.13
2020-03-24,1130.01
2020-03-25,1101.62
2020-03-26,1162.92
2020-03-27,1110.26
2020-03-30,1146.31
2020-03-31,1161.95
2020-04-01,1102.1
2020-04-02,1117.03
2020-04-03,1092.7
2020-04-06,1183.19
2020-04-07,1182.56
2020-04-08,1207.0
2020-04-09,1206.57
2020-04-13,1210.41
2020-04-14,1265.23
2020-04-15,1257.3
2020-04-16,1257.43
2020-04-17,1279.0
2020-04-20,1261.15
2020-04-21,1212.16
2020-04-22,1258.41
2020-04-23,1271.17
2020-04-24,1276.6
2020-04-27,1270.86
2020-04-28,1232.59
2020-04-29,1342.18
2020-04-30,1346.7
2020-05-01,1317.32
2020-05-04,1322.9
2020-05-05,1349.02
2020-05-06,1345.43
2020-05-07,1369.28
2020-05-08,1384.34
2020-05-11,1403.59
2020-05-12,1375.18
2020-05-13,1348.33
2020-05-14,1356.86
2020-05-15,1373.06
2020-05-18,1385.18
2020-05-19,1374.4
2020-05-20,1409.16
2020-05-21,1406.75
2020-05-22,1413.24
2020-05-26,1421.37
2020-05-27,1420.28
2020-05-28,1418.24
2020-05-29,1433.52
2020-06-01,1434.87
2020-06-02,1442.31
2020-06-03,1439.25
2020-06-04,1414.3
2020-06-05,1440.02
2020-06-08,1448.04
2020-06-09,1452.08
2020-06-10,1464.7
2020-06-11,1401.9
2020-06-12,1412.92
2020-06-15,1420.74
2020-06-16,1446.47
2020-06-17,1452.54
2020-06-18,1434.12
2020-06-19,1424.64
2020-06-22,1450.66
2020-06-23,1463.98
2020-06-24,1432.7
2020-06-25,1441.1
2020-06-26,1362.54
2020-06-29,1397.17
2020-06-30,1418.05
2020-07-01,1442.0
2020-07-02,1469.93
2020-07-06,1499.65
2020-07-07,1489.92
2020-07-08,1503.6
2020-07-09,1518.66
2020-07-10,1539.01
2020-07-13,1512.23
2020-07-14,1520.86
2020-07-15,1516.88
2020-07-16,1514.92
2020-07-17,1516.85
2020-07-20,1563.84
2020-07-21,1555.92
2020-07-22,1564.85
2020-07-23,1516.75
2020-07-24,1508.21
2020-07-27,1529.43
2020-07-28,1503.65
2020-07-29,1523.51
2020-07-30,1538.37
2020-07-31,1487.95
2020-08-03,1482.76
2020-08-04,1473.3
2020-08-05,1479.09
2020-08-06,1504.95
2020-08-07,1498.37
2020-08-10,1496.82
2020-08-11,1480.54
2020-08-12,1507.24
2020-08-13,1516.65
2020-08-14,1504.63
2020-08-17,1516.24
2020-08-18,1555.78
2020-08-19,1544.61
2020-08-20,1576.25
2020-08-21,1575.57
2020-08-24,1585.15
2020-08-25,1605.85
2020-08-26,1644.13
2020-08-27,1628.52
2020-08-28,1639.43
2020-08-31,1629.53
2020-09-01,1655.08
2020-09-02,1717.39
2020-09-03,1629.51
2020-09-04,1581.21
2020-09-08,1523.6
2020-09-09,1547.23
2020-09-10,1526.05
2020-09-11,1515.76
2020-09-14,1508.83
2020-09-15,1535.12
2020-09-16,1512.09
2020-09-17,1487.04
2020-09-18,1451.09
2020-09-21,1430.14
2020-09-22,1459.82
2020-09-23,1409.39
2020-09-24,1422.86
2020-09-25,1439.06
2020-09-28,1458.66
2020-09-29,1466.02
2020-09-30,1465.6
2020-10-01,1487.9
2020-10-02,1455.6
2020-10-05,1482.83
2020-10-06,1451.02
2020-10-07,1459.14
2020-10-08,1483.43
2020-10-09,1510.45
2020-10-12,1564.59
2020-10-13,1567.07
2020-10-14,1563.44
2020-10-15,1555.47
2020-10-16,1567.7
2020-10-19,1529.95
2020-10-20,1551.08
2020-10-21,1585.99
2020-10-22,1606.66
2020-10-23,1632.98
2020-10-26,1584.29
2020-10-27,1598.88
2020-10-28,1510.8
2020-10-29,1556.88
2020-10-30,1616.11
2020-11-02,1624.32
2020-11-03,1645.66
2020-11-04,1745.85
2020-11-05,1762.5
2020-11-06,1759.73
2020-11-09,1761.42
2020-11-10,1737.72
2020-11-11,1747.23
2020-11-12,1742.82
2020-11-13,1772.26
2020-11-16,1774.03
2020-11-17,1761.66
2020-11-18,1740.64
2020-11-19,1758.57
2020-11-20,1736.38
2020-11-23,1727.56
2020-11-24,1763.9
2020-11-25,1764.13
2020-11-27,1787.02
2020-11-30,1754.4
2020-12-01,1795.36
2020-12-02,1824.97
2020-12-03,1821.84
2020-12-04,1823.76
2020-12-07,1817.03
2020-12-08,1811.33
2020-12-09,1777.86
2020-12-10,1767.65
2020-12-11,1774.8
2020-12-14,1752.26
2020-12-15,1761.08
2020-12-16,1757.19
2020-12-17,1740.51
2020-12-18,1726.22
2020-12-21,1734.56
2020-12-22,1720.22
2020-12-23,1728.23
2020-12-24,1734.16
2020-12-28,1773.96
2020-12-29,1757.76
2020-12-30,1736.25
2020-12-31,1752.64
2021-01-04,1726.13
2021-01-05,1740.05
2021-01-06,1722.88
2021-01-07,1774.34
2021-01-08,1797.83
2021-01-11,1756.29
2021-01-12,1737.43
2021-01-13,1747.25
2021-01-14,1730.92
2021-01-15,1727.62
2021-01-19,1784.47
2021-01-20,1880.07
2021-01-21,1884.15
2021-01-22,1892.56
2021-01-25,1894.28
2021-01-26,1907.95
2021-01-27,1818.94
2021-01-28,1853.2
2021-01-29,1827.36
2021-02-01,1893.07
2021-02-02,1919.12
2021-02-03,2058.88
2021-02-04,2053.63
2021-02-05,2088.83
2021-02-08,2084.52
2021-02-09,2075.39
2021-02-10,2086.48
2021-02-11,2088.75
2021-02-12,2095.03
2021-02-16,2110.7
2021-02-17,2118.62
2021-02-18,2105.81
2021-02-19,2088.81
2021-02-22,2054.26
2021-02-23,2060.12
2021-02-24,2083.81
2021-02-25,2015.95
2021-02-26,2021.91
2021-03-01,2069.66
2021-03-02,2064.48
2021-03-03,2011.41
2021-03-04,2033.93
2021-03-05,2097.07
2021-03-08,2007.5
2021-03-09,2040.36
2021-03-10,2036.19
2021-03-11,2100.54
2021-03-12,2050.0
2021-03-15,2054.44
2021-03-16,2083.89
2021-03-17,2082.22
2021-03-18,2021.34
2021-03-19,2026.96
2021-03-22,2030.69
2021-03-23,2041.33
2021-03-24,2032.53
2021-03-25,2032.46
2021-03-26,2024.73
2021-03-29,2045.79
2021-03-30,2046.47
2021-03-31,2062.52
2021-04-01,2129.78
2021-04-05,2218.96
2021-04-06,2209.26
2021-04-07,2239.03
2021-04-08,2250.43
2021-04-09,2270.67
2021-04-12,2244.62
2021-04-13,2254.43
2021-04-14,2241.91
2021-04-15,2285.25
2021-04-16,2282.75
2021-04-19,2289.76
2021-04-20,2279.01
2021-04-21,2278.35
2021-04-22,2252.52
2021-04-23,2299.93
2021-04-26,2309.93
2021-04-27,2290.98
2021-04-28,2359.04
2021-04-29,2392.76
2021-04-30,2353.5
2021-05-03,2343.08
2021-05-04,2306.83
2021-05-05,2314.77
2021-05-06,2337.35
2021-05-07,2351.93
2021-05-10,2291.75
2021-05-11,2270.06
2021-05-12,2200.25
2021-05-13,2229.04
2021-05-14,2278.38
2021-05-17,2288.92
2021-05-18,2262.47
2021-05-19,2271.5
2021-05-20,2306.95
2021-05-21,2294.13
2021-05-24,2361.04
2021-05-25,2362.87
2021-05-26,2380.31
2021-05-27,2362.68
2021-05-28,2356.85
2021-06-01,2381.18
2021-06-02,2370.59
2021-06-03,2347.58
2021-06-04,2393.57
2021-06-07,2402.3
2021-06-08,2398.44
2021-06-09,2407.94
2021-06-10,2435.13
2021-06-11,2430.2
2021-06-14,2448.91
2021-06-15,2428.39
2021-06-16,2415.45
2021-06-17,2434.87
2021-06-18,2402.22
2021-06-21,2436.25
2021-06-22,2446.61
2021-06-23,2442.54
2021-06-24,2450.0
2021-06-25,2450.17
2021-06-28,2450.72
2021-06-29,2445.45
2021-06-30,2441.79
2021-07-01,2448.89
2021-07-02,2505.15
2021-07-06,2523.8
2021-07-07,2529.48
2021-07-08,2500.88
2021-07-09,2510.37
2021-07-12,2539.51
2021-07-13,2546.83
2021-07-14,2564.74
2021-07-15,2540.1
2021-07-16,2539.4
2021-07-19,2491.56
2021-07-20,2524.19
2021-07-21,2550.98
2021-07-22,2568.43
2021-07-23,2660.3
2021-07-26,2680.7
2021-07-27,2638.0
2021-07-28,2721.88
2021-07-29,2715.55
2021-07-30,2694.53
2021-08-02,2697.09
2021-08-03,2712.6
2021-08-04,2702.51
2021-08-05,2725.03
2021-08-06,2714.77
2021-08-09,2738.26
2021-08-10,2736.14
2021-08-11,2725.58
2021-08-12,2743.88
2021-08-13,2754.55
2021-08-16,2766.19
2021-08-17,2733.23
2021-08-18,2708.98
2021-08-19,2713.6
2021-08-20,2748.59
2021-08-23,2800.83
2021-08-24,2825.23
2021-08-25,2841.58
2021-08-26,2828.81
2021-08-27,2880.08
2021-08-30,2891.81
2021-08-31,2893.95
2021-09-01,2904.31
2021-09-02,2865.74
